Source File	Size	loadResources	load	generateSnapshots	load-configure	scan	loadDepInfo	loadInfo	checkR4R4B	generateNarratives	validate	loadLists	checkConformanceResources	checkConformanceResources2	checkConformanceResources3	generateLogicalMaps	validateExpressions	scanForUsageStats	checkURLsUnique	processProvenanceDetails	generate1	generate2	responsesForQuestionnaire	generateLogicals	makeDependencies	generateExampleZip	generateValidationPack	scanProfilesForR5	scanExamplesForR5
/fsh-generated/resources/ImplementationGuide-smart.who.int.hiv.json	204105	-	0	0	1	0	0	0	27	85	0	0	0	0	0	0	0	3	0	0	496	474	0	0	0	0	27	0	3
fsh-generated/resources/ActivityDefinition-HIVB9DTScheduleFollowUp.json	1518	6	0	0	0	0	0	0	0	20	0	0	0	0	0	0	0	0	0	0	22	17	0	0	0	0	0	0	0
fsh-generated/resources/ActivityDefinition-HIVGuidanceCommunicationRequestActivity.json	1402	5	0	0	1	0	0	0	1	19	0	0	0	0	0	0	0	0	0	0	19	13	0	0	0	0	0	0	0
fsh-generated/resources/ActorDefinition-Client.json	709	5	0	0	0	0	0	0	0	27	0	0	0	0	0	0	0	0	0	0	28	34	0	0	0	0	1	0	0
fsh-generated/resources/ActorDefinition-CommunityHealthWorker.json	976	4	0	0	0	0	0	0	0	19	0	0	0	0	0	0	0	0	0	0	26	25	0	0	0	0	0	0	0
fsh-generated/resources/ActorDefinition-DataEntryClerk.json	754	4	0	0	0	0	0	0	0	20	0	0	0	0	0	0	0	0	0	0	16	25	0	0	0	0	0	0	0
fsh-generated/resources/ActorDefinition-DistrictHealthInformationOfficer.json	772	5	0	0	0	0	0	0	0	10	0	0	0	0	0	0	0	0	0	0	25	25	0	0	0	0	0	0	0
fsh-generated/resources/ActorDefinition-KeyPopulations.json	1023	4	0	0	1	0	0	0	0	19	0	0	0	0	0	0	0	0	0	0	23	25	0	0	0	0	0	0	0
fsh-generated/resources/ActorDefinition-LabTechnician.json	747	5	0	0	0	0	0	0	0	12	0	0	0	0	0	0	0	0	0	0	22	24	0	0	0	0	1	0	0
fsh-generated/resources/ActorDefinition-Nurse.json	708	5	0	0	0	0	0	0	0	11	0	0	0	0	0	0	0	0	0	0	23	24	0	0	0	0	0	0	0
fsh-generated/resources/ActorDefinition-Pharmacist.json	688	4	0	0	1	0	0	0	0	11	0	0	0	0	0	0	0	0	0	0	16	25	0	0	0	0	0	0	1
fsh-generated/resources/ActorDefinition-Physician.json	812	5	0	0	0	0	0	0	0	12	0	0	0	0	0	0	0	0	0	0	17	25	0	0	0	0	0	0	0
fsh-generated/resources/ActorDefinition-SpecialPopulationClient.json	771	4	0	0	0	0	0	0	0	11	0	0	0	0	0	0	0	0	0	0	17	25	0	0	0	0	0	0	0
fsh-generated/resources/ActorDefinition-SpecialistMedicalDoctor.json	933	5	0	0	0	0	0	0	0	13	0	0	0	0	0	0	0	0	0	0	16	27	0	0	0	0	0	0	0
fsh-generated/resources/ActorDefinition-TrainedLayProvider.json	708	5	0	0	1	0	0	0	0	13	0	0	0	0	0	0	0	0	0	0	17	24	0	0	0	0	1	0	0
fsh-generated/resources/ActorDefinition-TrainedNonPhysicianClinician.json	1011	4	0	0	0	0	0	0	1	10	0	0	0	0	0	0	0	0	0	0	16	25	0	0	0	0	0	0	0
fsh-generated/resources/CodeSystem-HIVConcepts.json	361404	28	0	0	2	0	0	0	22	644	0	0	1	0	0	0	0	2	0	0	1051	1839	0	0	0	0	58	0	1
fsh-generated/resources/Condition-ExampleElevatedHivRiskCondition.json	639	5	0	0	0	0	0	0	0	42	0	0	0	0	0	0	0	0	0	0	14	22	0	0	0	0	0	0	0
fsh-generated/resources/Condition-ExampleHivInvasiveCervicalCancerDiagnosis.json	859	5	0	0	0	0	0	0	0	2	0	0	0	0	0	0	0	0	0	0	14	16	0	0	0	0	0	0	0
fsh-generated/resources/Condition-ExampleHivPositiveCondition.json	814	4	0	0	0	0	0	0	0	3	0	0	0	0	0	0	0	0	0	0	15	16	0	0	0	0	0	0	0
fsh-generated/resources/ExampleScenario-HIV.A.REGISTRATION.json	4388	5	0	0	0	0	0	0	0	18	0	0	0	0	0	0	0	0	0	0	24	425	0	0	0	0	0	0	0
fsh-generated/resources/ExampleScenario-HIV.B.HIVtesting.json	8377	5	0	0	0	0	0	0	1	21	0	0	0	0	0	0	0	0	0	0	36	120	0	0	0	0	1	0	0
fsh-generated/resources/ExampleScenario-HIV.PrEP.Visit.Scenario.json	6300	4	0	0	0	0	0	0	0	17	0	0	0	0	0	0	0	0	0	0	27	75	0	0	0	0	0	0	0
fsh-generated/resources/Library-HIVB2DTLogic.json	1013	5	0	0	1	0	0	0	1	2365	0	0	0	0	0	0	0	0	0	0	322	40	0	0	0	0	16	0	0
fsh-generated/resources/Library-HIVB7DTLogic.json	1048	4	0	0	0	0	0	0	0	15	0	0	0	0	0	0	0	0	0	0	91	23	0	0	0	0	4	0	0
fsh-generated/resources/Library-HIVB9DTLogic.json	1013	5	0	0	0	0	0	0	0	32	0	0	0	0	0	0	0	0	0	0	371	37	0	0	0	0	15	0	0
fsh-generated/resources/Library-HIVC23DTLogic.json	1019	4	0	0	0	0	0	0	1	26	0	0	0	0	0	0	0	1	0	0	317	32	0	0	0	0	14	0	0
fsh-generated/resources/Library-HIVC7DTLogic.json	1013	5	0	0	0	0	0	0	0	34	0	0	0	0	0	0	0	0	0	0	1024	107	0	0	0	0	44	0	0
fsh-generated/resources/Library-HIVCommon.json	1024	4	0	0	1	0	0	0	1	17	0	0	0	0	0	0	0	0	0	0	1397	113	0	0	0	0	72	0	0
fsh-generated/resources/Library-HIVConcepts.json	1036	5	0	0	0	0	0	0	2	83	0	0	0	0	0	0	0	0	0	0	3489	233	0	0	0	0	101	0	0
fsh-generated/resources/Library-HIVConceptsCustom.json	1072	4	0	0	0	0	0	0	1	45	0	0	0	0	0	0	0	0	0	0	196	23	0	0	0	0	6	0	0
fsh-generated/resources/Library-HIVConfig.json	1024	4	0	0	0	0	0	0	0	9	0	0	0	0	0	0	0	0	0	0	39	14	0	0	0	0	1	0	0
fsh-generated/resources/Library-HIVD12DTLogic.json	1019	5	0	0	0	0	0	0	0	28	0	0	0	0	0	0	0	0	0	0	492	47	0	0	0	0	18	0	0
fsh-generated/resources/Library-HIVD15DTLogic.json	1019	4	0	0	1	0	0	0	0	23	0	0	0	0	0	0	0	0	0	0	1089	75	0	0	0	0	49	0	1
fsh-generated/resources/Library-HIVD4DTLogic.json	1013	5	0	0	0	0	0	0	1	14	0	0	0	0	0	0	0	0	0	0	407	39	0	0	0	0	18	0	0
fsh-generated/resources/Library-HIVElements.json	1036	4	0	0	1	0	0	0	30	609	0	0	0	0	0	0	0	2	0	0	34584	2418	0	0	0	0	1503	0	1
fsh-generated/resources/Library-HIVEncounterElements.json	1090	4	0	0	0	0	0	0	1	28	0	0	0	0	0	0	0	0	0	0	19088	1323	0	0	0	0	820	0	0
fsh-generated/resources/Library-HIVIND11Logic.json	1105	5	0	0	0	0	0	0	0	19	0	0	0	0	0	0	0	0	0	0	147	22	0	0	0	0	6	0	0
fsh-generated/resources/Library-HIVIND12Logic.json	1078	4	0	0	0	0	0	0	0	17	0	0	0	0	0	0	0	0	0	0	157	22	0	0	0	0	8	0	0
fsh-generated/resources/Library-HIVIND13Logic.json	1070	4	0	0	0	0	0	0	0	15	0	0	0	0	0	0	0	1	0	0	153	21	0	0	0	0	7	0	0
fsh-generated/resources/Library-HIVIND14Logic.json	1106	5	0	0	0	0	0	0	1	11	0	0	0	0	0	0	0	0	0	0	180	23	0	0	0	0	8	0	0
fsh-generated/resources/Library-HIVIND15Logic.json	1132	4	0	0	1	0	0	0	0	10	0	0	0	0	0	0	0	0	0	0	132	26	0	0	0	0	6	0	0
fsh-generated/resources/Library-HIVIND16Logic.json	1067	8	0	0	0	0	0	0	0	11	0	0	0	0	0	0	0	0	0	0	190	25	0	0	0	0	9	0	0
fsh-generated/resources/Library-HIVIND18Logic.json	1067	8	0	0	0	0	0	0	0	11	0	0	0	0	0	0	0	0	0	0	146	21	0	0	0	0	7	0	0
fsh-generated/resources/Library-HIVIND19Logic.json	1107	8	0	0	0	0	0	0	1	10	0	0	0	0	0	0	0	0	0	0	165	24	0	0	0	0	7	0	0
fsh-generated/resources/Library-HIVIND20Logic.json	1083	8	0	0	0	0	0	0	0	11	0	0	0	0	0	0	0	0	0	0	228	27	0	0	0	0	12	0	0
fsh-generated/resources/Library-HIVIND21Logic.json	1056	4	0	0	0	0	0	0	1	10	0	0	0	0	0	0	0	0	0	0	296	32	0	0	0	0	16	0	0
fsh-generated/resources/Library-HIVIND22Logic.json	1112	5	0	0	0	0	0	0	0	13	0	0	0	0	0	0	0	0	0	0	275	31	0	0	0	0	12	0	0
fsh-generated/resources/Library-HIVIND24Logic.json	1174	4	0	0	1	0	0	0	0	12	0	0	0	0	0	0	0	0	0	0	462	42	0	0	0	0	20	0	0
fsh-generated/resources/Library-HIVIND25Logic.json	1110	5	0	0	0	0	0	0	0	11	0	0	0	0	0	0	0	0	0	0	149	23	0	0	0	0	6	0	0
fsh-generated/resources/Library-HIVIND27Logic.json	1100	4	0	0	0	0	0	0	1	11	0	0	0	0	0	0	0	0	0	0	342	35	0	0	0	0	16	0	0
fsh-generated/resources/Library-HIVIND28Logic.json	1218	4	0	0	0	0	0	0	0	11	0	0	0	0	0	0	0	0	0	0	534	47	0	0	0	0	27	0	0
fsh-generated/resources/Library-HIVIND29Logic.json	1096	5	0	0	0	0	0	0	0	10	0	0	0	0	0	0	0	0	0	0	285	33	0	0	0	0	14	0	0
fsh-generated/resources/Library-HIVIND2Logic.json	1074	5	0	0	0	0	0	0	1	11	0	0	0	0	0	0	0	0	0	0	189	28	0	0	0	0	8	0	0
fsh-generated/resources/Library-HIVIND30Logic.json	1053	4	0	0	0	0	0	0	0	9	0	0	0	0	0	0	0	0	0	0	137	21	0	0	0	0	6	0	1
fsh-generated/resources/Library-HIVIND31Logic.json	1082	4	0	0	1	0	0	0	0	10	0	0	0	0	0	0	0	0	0	0	215	27	0	0	0	0	10	0	0
fsh-generated/resources/Library-HIVIND32Logic.json	1092	4	0	0	0	0	0	0	1	9	0	0	0	0	0	0	0	0	0	0	257	32	0	0	0	0	32	0	0
fsh-generated/resources/Library-HIVIND33Logic.json	1123	4	0	0	0	0	0	0	0	10	0	0	0	0	0	0	0	0	0	0	206	36	0	0	0	0	10	0	0
fsh-generated/resources/Library-HIVIND34Logic.json	1131	4	0	0	0	0	0	0	0	14	0	0	0	0	0	0	0	0	0	0	225	28	0	0	0	0	11	0	0
fsh-generated/resources/Library-HIVIND35Logic.json	1057	4	0	0	0	0	0	0	0	11	0	0	0	0	0	0	0	0	0	0	399	40	0	0	0	0	19	0	0
fsh-generated/resources/Library-HIVIND37Logic.json	1085	5	0	0	0	0	0	0	1	12	0	0	0	0	0	0	0	0	0	0	224	28	0	0	0	0	11	0	0
fsh-generated/resources/Library-HIVIND38Logic.json	1109	4	0	0	1	0	0	0	0	11	0	0	0	0	0	0	0	0	0	0	186	24	0	0	0	0	9	0	0
fsh-generated/resources/Library-HIVIND39Logic.json	1057	4	0	0	0	0	0	0	0	10	0	0	0	0	0	0	0	0	0	0	127	21	0	0	0	0	5	0	0
fsh-generated/resources/Library-HIVIND3Logic.json	1094	4	0	0	0	0	0	0	0	10	0	0	0	0	0	0	0	0	0	0	208	27	0	0	0	0	9	0	0
fsh-generated/resources/Library-HIVIND40Logic.json	1099	5	0	0	0	0	0	0	1	9	0	0	0	0	0	0	0	0	0	0	263	30	0	0	0	0	15	0	0
fsh-generated/resources/Library-HIVIND41Logic.json	1106	5	0	0	0	0	0	0	0	10	0	0	0	0	0	0	0	0	0	0	380	37	0	0	0	0	30	0	0
fsh-generated/resources/Library-HIVIND42Logic.json	1067	4	0	0	0	0	0	0	0	9	0	0	0	0	0	0	0	0	0	0	277	30	0	0	0	0	21	0	0
fsh-generated/resources/Library-HIVIND43Logic.json	1104	4	0	0	0	0	0	0	0	10	0	0	0	0	0	0	0	0	0	0	180	24	0	0	0	0	11	0	0
fsh-generated/resources/Library-HIVIND44Logic.json	1095	4	0	0	1	0	0	0	1	7	0	0	0	0	0	0	0	0	0	0	165	24	0	0	0	0	11	0	0
fsh-generated/resources/Library-HIVIND45Logic.json	1128	5	0	0	0	0	0	0	0	10	0	0	0	0	0	0	0	0	0	0	189	25	0	0	0	0	12	0	0
fsh-generated/resources/Library-HIVIND46Logic.json	1147	4	0	0	0	0	0	0	0	10	0	0	0	0	0	0	0	0	0	0	214	27	0	0	0	0	15	0	0
fsh-generated/resources/Library-HIVIND47Logic.json	1080	4	0	0	0	0	0	0	0	10	0	0	0	0	0	0	0	0	0	0	185	24	0	0	0	0	11	0	0
fsh-generated/resources/Library-HIVIND48Logic.json	1078	5	0	0	0	0	0	0	1	10	0	0	0	0	0	0	0	0	0	0	167	24	0	0	0	0	10	0	0
fsh-generated/resources/Library-HIVIND49Logic.json	1113	4	0	0	0	0	0	0	0	10	0	0	0	0	0	0	0	0	0	0	169	24	0	0	0	0	11	0	0
fsh-generated/resources/Library-HIVIND4Logic.json	1037	4	0	0	0	0	0	0	0	10	0	0	0	0	0	0	0	0	0	0	187	27	0	0	0	0	12	0	0
fsh-generated/resources/Library-HIVIND50Logic.json	1118	5	0	0	1	0	0	0	1	9	0	0	0	0	0	0	0	0	0	0	207	28	0	0	0	0	13	0	0
fsh-generated/resources/Library-HIVIND51Logic.json	1112	4	0	0	0	0	0	0	0	10	0	0	0	0	0	0	0	0	0	0	247	28	0	0	0	0	13	0	0
fsh-generated/resources/Library-HIVIND52Logic.json	1109	4	0	0	0	0	0	0	0	9	0	0	0	0	0	0	0	0	0	0	260	30	0	0	0	0	12	0	0
fsh-generated/resources/Library-HIVIND53Logic.json	1126	4	0	0	0	0	0	0	0	14	0	0	0	0	0	0	0	1	0	0	254	29	0	0	0	0	12	0	0
fsh-generated/resources/Library-HIVIND54Logic.json	1068	4	0	0	0	0	0	0	1	10	0	0	0	0	0	0	0	0	0	0	164	33	0	0	0	0	7	0	0
fsh-generated/resources/Library-HIVIND55Logic.json	1232	4	0	0	0	0	0	0	0	10	0	0	0	0	0	0	0	0	0	0	167	27	0	0	0	0	8	0	0
fsh-generated/resources/Library-HIVIND56Logic.json	1069	4	0	0	1	0	0	0	0	10	0	0	0	0	0	0	0	0	0	0	202	25	0	0	0	0	9	0	0
fsh-generated/resources/Library-HIVIND57Logic.json	1089	6	0	0	0	0	0	0	1	10	0	0	0	0	0	0	0	0	0	0	412	37	0	0	0	0	21	0	0
fsh-generated/resources/Library-HIVIND58Logic.json	1105	6	0	0	0	0	0	0	0	10	0	0	0	0	0	0	0	0	0	0	165	23	0	0	0	0	7	0	0
fsh-generated/resources/Library-HIVIND59Logic.json	1087	6	0	0	0	0	0	0	0	10	0	0	0	0	0	0	0	0	0	0	143	21	0	0	0	0	6	0	0
fsh-generated/resources/Library-HIVIND5Logic.json	1057	5	0	0	0	0	0	0	0	10	0	0	0	0	0	0	0	0	0	0	163	23	0	0	0	0	7	0	0
fsh-generated/resources/Library-HIVIND60Logic.json	1107	6	0	0	1	0	0	0	1	9	0	0	1	0	0	0	0	0	0	0	184	24	0	0	0	0	9	0	0
fsh-generated/resources/Library-HIVIND61Logic.json	1096	8	0	0	0	0	0	0	0	10	0	0	0	0	0	0	0	0	0	0	159	24	0	0	0	0	8	0	0
fsh-generated/resources/Library-HIVIND62Logic.json	1145	6	0	0	0	0	0	0	0	9	0	0	0	0	0	0	0	0	0	0	242	28	0	0	0	0	11	0	0
fsh-generated/resources/Library-HIVIND63Logic.json	1127	49	0	0	0	0	0	0	0	10	0	0	0	0	0	0	0	0	0	0	186	41	0	0	0	0	8	0	0
fsh-generated/resources/Library-HIVIND64Logic.json	1111	4	0	0	0	0	0	0	1	9	0	0	0	0	0	0	0	0	0	0	250	28	0	0	0	0	13	0	0
fsh-generated/resources/Library-HIVIND65Logic.json	1083	5	0	0	0	0	0	0	0	10	0	0	0	0	0	0	0	0	0	0	221	26	0	0	0	0	10	0	0
fsh-generated/resources/Library-HIVIND66Logic.json	1151	4	0	0	1	0	0	0	0	11	0	0	0	0	0	0	0	0	0	0	245	28	0	0	0	0	12	0	0
fsh-generated/resources/Library-HIVIND67Logic.json	1133	4	0	0	0	0	0	0	1	13	0	0	0	0	0	0	0	0	0	0	214	26	0	0	0	0	10	0	0
fsh-generated/resources/Library-HIVIND68Logic.json	1153	4	0	0	0	0	0	0	0	9	0	0	0	0	0	0	0	0	0	0	267	28	0	0	0	0	14	0	0
fsh-generated/resources/Library-HIVIND69Logic.json	1129	5	0	0	0	0	0	0	0	9	0	0	0	0	0	0	0	0	0	0	238	28	0	0	0	0	13	0	0
fsh-generated/resources/Library-HIVIND6Logic.json	1039	4	0	0	0	0	0	0	0	10	0	0	0	0	0	0	0	0	0	0	165	23	0	0	0	0	7	0	0
fsh-generated/resources/Library-HIVIND70Logic.json	1098	4	0	0	0	0	0	0	1	10	0	0	0	0	0	0	0	0	0	0	215	27	0	0	0	0	9	0	0
fsh-generated/resources/Library-HIVIND71Logic.json	1080	4	0	0	1	0	0	0	0	10	0	0	0	0	0	0	0	0	0	0	184	24	0	0	0	0	9	0	0
fsh-generated/resources/Library-HIVIND72Logic.json	1077	5	0	0	0	0	0	0	0	10	0	0	0	0	0	0	0	0	0	0	236	28	0	0	0	0	10	0	1
fsh-generated/resources/Library-HIVIND73Logic.json	1093	4	0	0	0	0	0	0	1	10	0	0	0	0	0	0	0	0	0	0	183	25	0	0	0	0	8	0	0
fsh-generated/resources/Library-HIVIND74Logic.json	1153	5	0	0	0	0	0	0	0	10	0	0	0	0	0	0	0	0	0	0	164	23	0	0	0	0	7	0	0
fsh-generated/resources/Library-HIVIND75Logic.json	1135	4	0	0	0	0	0	0	0	9	0	0	0	0	0	0	0	0	0	0	147	22	0	0	0	0	6	0	0
fsh-generated/resources/Library-HIVIND76Logic.json	1117	4	0	0	0	0	0	0	0	10	0	0	0	0	0	0	0	0	0	0	217	26	0	0	0	0	10	0	0
fsh-generated/resources/Library-HIVIND77Logic.json	1099	4	0	0	0	0	0	0	1	10	0	0	0	0	0	0	0	0	0	0	205	26	0	0	0	0	10	0	0
fsh-generated/resources/Library-HIVIND78Logic.json	1181	4	0	0	1	0	0	0	0	10	0	0	0	0	0	0	0	0	0	0	207	26	0	0	0	0	9	0	0
fsh-generated/resources/Library-HIVIND79Logic.json	1163	4	0	0	0	0	0	0	0	10	0	0	0	0	0	0	0	0	0	0	193	26	0	0	0	0	9	0	0
fsh-generated/resources/Library-HIVIND7Logic.json	1076	4	0	0	0	0	0	0	1	10	0	0	0	0	0	0	0	0	0	0	202	27	0	0	0	0	10	0	0
fsh-generated/resources/Library-HIVIND80Logic.json	1170	5	0	0	0	0	0	0	0	9	0	0	0	0	0	0	0	0	0	0	155	24	0	0	0	0	6	0	0
fsh-generated/resources/Library-HIVIND81Logic.json	1152	4	0	0	0	0	0	0	0	9	0	0	0	0	0	0	0	0	0	0	147	23	0	0	0	0	6	0	0
fsh-generated/resources/Library-HIVIND82Logic.json	1144	4	0	0	0	0	0	0	0	10	0	0	0	0	0	0	0	0	0	0	155	22	0	0	0	0	7	0	0
fsh-generated/resources/Library-HIVIND83Logic.json	1182	4	0	0	0	0	0	0	1	10	0	0	0	0	0	0	0	0	0	0	163	23	0	0	0	0	7	0	0
fsh-generated/resources/Library-HIVIND84Logic.json	1164	4	0	0	1	0	0	0	0	9	0	0	0	0	0	0	0	0	0	0	149	24	0	0	0	0	6	0	0
fsh-generated/resources/Library-HIVIND85Logic.json	1141	4	0	0	0	0	0	0	0	11	0	0	0	0	0	0	0	0	0	0	250	28	0	0	0	0	12	0	0
fsh-generated/resources/Library-HIVIND86Logic.json	1123	4	0	0	0	0	0	0	0	10	0	0	0	0	0	0	0	0	0	0	189	24	0	0	0	0	9	0	0
fsh-generated/resources/Library-HIVIND87Logic.json	1115	4	0	0	0	0	0	0	1	10	0	0	0	0	0	0	0	1	0	0	259	28	0	0	0	0	13	0	0
fsh-generated/resources/Library-HIVIND88Logic.json	1158	5	0	0	0	0	0	0	0	10	0	0	0	0	0	0	0	0	0	0	197	26	0	0	0	0	9	0	0
fsh-generated/resources/Library-HIVIND89Logic.json	1140	4	0	0	1	0	0	0	0	10	0	0	0	0	0	0	0	0	0	0	148	24	0	0	0	0	7	0	0
fsh-generated/resources/Library-HIVIND8Logic.json	1085	5	0	0	0	0	0	0	1	9	0	0	0	0	0	0	0	0	0	0	138	22	0	0	0	0	6	0	0
fsh-generated/resources/Library-HIVIND90Logic.json	1088	4	0	0	0	0	0	0	0	9	0	0	0	0	0	0	0	0	0	0	262	29	0	0	0	0	13	0	0
fsh-generated/resources/Library-HIVIND91Logic.json	1146	4	0	0	0	0	0	0	0	10	0	0	0	0	0	0	0	0	0	0	196	25	0	0	0	0	8	0	0
fsh-generated/resources/Library-HIVIND92Logic.json	1121	5	0	0	0	0	0	0	0	9	0	0	0	0	0	0	0	0	0	0	318	33	0	0	0	0	16	0	0
fsh-generated/resources/Library-HIVIND93Logic.json	1097	4	0	0	1	0	0	0	1	10	0	0	0	0	0	0	0	0	0	0	116	19	0	0	0	0	5	0	0
fsh-generated/resources/Library-HIVIND94Logic.json	1115	4	0	0	0	0	0	0	0	8	0	0	0	0	0	0	0	0	0	0	190	25	0	0	0	0	10	0	0
fsh-generated/resources/Library-HIVIND95Logic.json	1077	4	0	0	0	0	0	0	0	12	0	0	0	0	0	0	0	0	0	0	170	24	0	0	0	0	8	0	0
fsh-generated/resources/Library-HIVIND96Logic.json	1077	4	0	0	0	0	0	0	0	9	0	0	0	0	0	0	0	0	0	0	266	30	0	0	0	0	13	0	0
fsh-generated/resources/Library-HIVIND9Logic.json	1121	5	0	0	0	0	0	0	1	9	0	0	0	0	0	0	0	0	0	0	82	17	0	0	0	0	2	0	0
fsh-generated/resources/Library-HIVIndicatorElements.json	1090	4	0	0	1	0	0	0	12	124	0	0	0	0	0	0	0	1	0	0	18628	1261	0	0	0	0	852	0	1
fsh-generated/resources/Library-WHOCommon.json	1024	4	0	0	0	0	0	0	0	7	0	0	0	0	0	0	0	0	0	0	1184	83	0	0	0	0	64	0	0
fsh-generated/resources/Library-WHOConcepts.json	1036	5	0	0	1	0	0	0	0	16	0	0	0	0	0	0	0	0	0	0	51	15	0	0	0	0	2	0	0
fsh-generated/resources/Library-WHOElements.json	1036	4	0	0	0	0	0	0	0	9	0	0	0	0	0	0	0	0	0	0	66	16	0	0	0	0	2	0	0
fsh-generated/resources/Library-WHOEncounterElements.json	1090	5	0	0	0	0	0	0	0	6	0	0	0	0	0	0	0	0	0	0	74	15	0	0	0	0	4	0	0
fsh-generated/resources/Measure-HIVIND11.json	3063	4	0	0	0	0	0	0	1	16	0	0	0	0	0	0	0	0	0	0	21	16	0	0	0	0	0	0	0
fsh-generated/resources/Measure-HIVIND12.json	3237	4	0	0	1	0	0	0	0	9	0	0	0	0	0	0	0	0	0	0	19	16	0	0	0	0	0	0	0
fsh-generated/resources/Measure-HIVIND13.json	3143	5	0	0	0	0	0	0	0	8	0	0	0	0	0	0	0	0	0	0	20	14	0	0	0	0	0	0	0
fsh-generated/resources/Measure-HIVIND14.json	3276	4	0	0	0	0	0	0	0	7	0	0	0	0	0	0	0	0	0	0	25	14	0	0	0	0	1	0	0
fsh-generated/resources/Measure-HIVIND15.json	3740	4	0	0	0	0	0	0	0	7	0	0	0	0	0	0	0	0	0	0	21	15	0	0	0	0	0	0	0
fsh-generated/resources/Measure-HIVIND16.json	3267	4	0	0	0	0	0	0	0	9	0	0	0	0	0	0	0	0	0	0	20	14	0	0	0	0	0	0	0
fsh-generated/resources/Measure-HIVIND18.json	3721	4	0	0	0	0	0	0	1	7	0	0	0	0	0	0	0	0	0	0	21	15	0	0	0	0	0	0	0
fsh-generated/resources/Measure-HIVIND19.json	3300	5	0	0	0	0	0	0	0	8	0	0	0	0	0	0	0	0	0	0	20	14	0	0	0	0	0	0	0
fsh-generated/resources/Measure-HIVIND2.json	3686	4	0	0	0	0	0	0	0	7	0	0	0	0	0	0	0	0	0	0	20	15	0	0	0	0	0	0	0
fsh-generated/resources/Measure-HIVIND20.json	3191	4	0	0	1	0	0	0	0	5	0	0	0	0	0	0	0	0	0	0	20	14	0	0	0	0	1	0	0
fsh-generated/resources/Measure-HIVIND21.json	3141	4	0	0	0	0	0	0	0	7	0	0	0	0	0	0	0	0	0	0	21	14	0	0	0	1	0	0	0
fsh-generated/resources/Measure-HIVIND22.json	3727	4	0	0	0	0	0	0	0	8	0	0	0	0	0	0	0	0	0	0	22	14	0	0	0	0	0	0	0
fsh-generated/resources/Measure-HIVIND24.json	3551	4	0	0	0	0	0	0	1	6	0	0	0	0	0	0	0	0	0	0	22	14	0	0	0	0	0	0	0
fsh-generated/resources/Measure-HIVIND25.json	3536	5	0	0	0	0	0	0	0	7	0	0	0	0	0	0	0	0	0	0	20	14	0	0	0	0	0	0	0
fsh-generated/resources/Measure-HIVIND27.json	3724	4	0	0	0	0	0	0	0	6	0	0	0	0	0	0	0	0	0	0	21	13	0	0	0	0	0	0	0
fsh-generated/resources/Measure-HIVIND28.json	3590	4	0	0	0	0	0	0	0	7	0	0	0	0	0	0	0	0	0	0	22	14	0	0	0	0	1	0	0
fsh-generated/resources/Measure-HIVIND29.json	3624	4	0	0	0	0	0	0	0	7	0	0	0	0	0	0	0	0	0	0	22	15	0	0	0	0	0	0	0
fsh-generated/resources/Measure-HIVIND3.json	3779	4	0	0	0	0	0	0	0	7	0	0	0	0	0	0	0	0	0	0	22	15	0	0	0	0	0	0	0
fsh-generated/resources/Measure-HIVIND30.json	3664	5	0	0	1	0	0	0	1	7	0	0	0	0	0	0	0	0	0	0	23	14	0	0	0	0	0	0	0
fsh-generated/resources/Measure-HIVIND31.json	3244	4	0	0	0	0	0	0	0	6	0	0	0	0	0	0	0	0	0	0	21	14	0	0	0	0	0	0	0
fsh-generated/resources/Measure-HIVIND32.json	3204	4	0	0	0	0	0	0	0	6	0	0	0	0	0	0	0	0	0	0	21	13	0	0	0	0	0	0	0
fsh-generated/resources/Measure-HIVIND33.json	3437	4	0	0	0	0	0	0	0	6	0	0	0	0	0	0	0	0	0	0	21	14	0	0	0	0	1	0	0
fsh-generated/resources/Measure-HIVIND34.json	3357	5	0	0	0	0	0	0	0	6	0	0	0	0	0	0	0	0	0	0	20	14	0	0	0	0	0	0	0
fsh-generated/resources/Measure-HIVIND35.json	3149	4	0	0	0	0	0	0	0	6	0	0	0	0	0	0	0	0	0	0	20	14	0	0	0	0	0	0	0
fsh-generated/resources/Measure-HIVIND37.json	3437	4	0	0	0	0	0	0	0	7	0	0	0	0	0	0	0	0	0	0	20	14	0	0	0	0	0	0	0
fsh-generated/resources/Measure-HIVIND38.json	3401	4	0	0	0	0	0	0	1	8	0	0	0	0	0	0	0	0	0	0	21	13	0	0	0	0	0	0	0
fsh-generated/resources/Measure-HIVIND39.json	3138	4	0	0	1	0	0	0	0	6	0	0	0	0	0	0	0	0	0	0	19	15	0	0	0	0	0	0	0
fsh-generated/resources/Measure-HIVIND4.json	3653	5	0	0	0	0	0	0	0	6	0	0	0	0	0	0	0	0	0	0	20	15	0	0	0	0	1	0	0
fsh-generated/resources/Measure-HIVIND40.json	3272	4	0	0	0	0	0	0	0	7	0	0	0	0	0	0	0	0	0	0	20	14	0	0	0	0	0	0	0
fsh-generated/resources/Measure-HIVIND41.json	3104	4	0	0	0	0	0	0	0	7	0	0	0	0	0	0	0	0	0	0	19	13	0	0	0	0	0	0	0
fsh-generated/resources/Measure-HIVIND42.json	3555	4	0	0	0	0	0	0	0	6	0	0	0	0	0	0	0	0	0	0	21	14	0	0	0	0	0	0	0
fsh-generated/resources/Measure-HIVIND43.json	3176	5	0	0	0	0	0	0	1	7	0	0	0	0	0	0	0	0	0	0	19	14	0	0	0	0	0	0	0
fsh-generated/resources/Measure-HIVIND44.json	3166	4	0	0	0	0	0	0	0	6	0	0	0	0	0	0	0	0	0	0	20	13	0	0	0	0	0	0	0
fsh-generated/resources/Measure-HIVIND45.json	3227	4	0	0	0	0	0	0	0	7	0	0	0	0	0	0	0	0	0	0	19	14	0	0	0	0	1	0	0
fsh-generated/resources/Measure-HIVIND46.json	3371	4	0	0	1	0	0	0	0	6	0	0	0	0	0	0	0	0	0	0	20	14	0	0	0	0	0	0	0
fsh-generated/resources/Measure-HIVIND47.json	3391	4	0	0	0	0	0	0	0	7	0	0	0	0	0	0	0	0	0	0	22	13	0	0	0	0	0	0	1
fsh-generated/resources/Measure-HIVIND48.json	3394	4	0	0	0	0	0	0	0	6	0	0	0	0	0	0	0	0	0	0	23	14	0	0	0	0	0	0	0
fsh-generated/resources/Measure-HIVIND49.json	3288	5	0	0	0	0	0	0	1	7	0	0	0	0	0	0	0	1	0	0	22	14	0	0	0	0	0	0	0
fsh-generated/resources/Measure-HIVIND5.json	3672	4	0	0	0	0	0	0	0	6	0	0	0	0	0	0	0	0	0	0	21	15	0	0	0	0	0	0	0
fsh-generated/resources/Measure-HIVIND50.json	3335	4	0	0	0	0	0	0	0	6	0	0	0	0	0	0	0	0	0	0	20	13	0	0	0	0	1	0	0
fsh-generated/resources/Measure-HIVIND51.json	3327	4	0	0	0	0	0	0	0	7	0	0	0	0	0	0	0	0	0	0	20	14	0	0	0	0	0	0	0
fsh-generated/resources/Measure-HIVIND52.json	3289	4	0	0	1	0	0	0	0	6	0	0	0	0	0	0	0	0	0	0	21	14	0	0	0	0	0	0	0
fsh-generated/resources/Measure-HIVIND53.json	3623	4	0	0	0	0	0	0	0	7	0	0	0	0	0	0	0	0	0	0	21	14	0	0	0	0	0	0	0
fsh-generated/resources/Measure-HIVIND54.json	3431	5	0	0	0	0	0	0	0	7	0	0	0	0	0	0	0	0	0	0	20	18	0	0	0	0	0	0	0
fsh-generated/resources/Measure-HIVIND55.json	3569	4	0	0	0	0	0	0	1	6	0	0	0	0	0	0	0	0	0	0	20	14	0	0	0	0	0	0	0
fsh-generated/resources/Measure-HIVIND56.json	3317	4	0	0	0	0	0	0	0	6	0	0	0	0	0	0	0	0	0	0	20	13	0	0	0	0	1	0	0
fsh-generated/resources/Measure-HIVIND57.json	3512	4	0	0	0	0	0	0	0	5	0	0	0	0	0	0	0	0	0	0	22	13	0	0	0	0	0	0	0
fsh-generated/resources/Measure-HIVIND58.json	3245	4	0	0	0	0	0	0	0	7	0	0	0	0	0	0	0	0	0	0	20	14	0	0	0	0	0	0	0
fsh-generated/resources/Measure-HIVIND59.json	3222	5	0	0	0	0	0	0	0	5	0	0	0	0	0	0	0	0	0	0	20	13	0	0	0	0	0	0	0
fsh-generated/resources/Measure-HIVIND6.json	3199	4	0	0	1	0	0	0	0	6	0	0	0	0	1	0	0	0	0	1	20	14	0	0	0	0	0	0	0
fsh-generated/resources/Measure-HIVIND60.json	3229	4	0	0	0	0	0	0	1	6	0	0	0	0	0	0	0	0	0	0	20	13	0	0	0	0	0	0	0
fsh-generated/resources/Measure-HIVIND61.json	3190	4	0	0	0	0	0	0	0	6	0	0	0	0	0	0	0	0	0	0	20	14	0	0	0	0	0	0	0
fsh-generated/resources/Measure-HIVIND62.json	3418	4	0	0	0	0	0	0	0	6	0	0	0	0	0	0	0	0	0	0	23	13	0	0	0	0	1	0	0
fsh-generated/resources/Measure-HIVIND63.json	3431	5	0	0	0	0	0	0	0	6	0	0	0	0	0	0	0	0	0	0	21	13	0	0	0	0	0	0	0
fsh-generated/resources/Measure-HIVIND64.json	3218	4	0	0	0	0	0	0	0	7	0	0	0	0	0	0	0	0	0	0	20	13	0	0	0	0	0	0	0
fsh-generated/resources/Measure-HIVIND65.json	3148	4	0	0	0	0	0	0	0	6	0	0	0	0	0	0	0	0	0	0	20	14	0	0	0	0	0	0	0
fsh-generated/resources/Measure-HIVIND66.json	3176	4	0	0	1	0	0	0	1	6	0	0	0	0	0	0	0	0	0	0	20	14	0	0	0	0	0	0	0
fsh-generated/resources/Measure-HIVIND67.json	3119	4	0	0	0	0	0	0	0	6	0	0	0	0	0	0	0	0	0	0	21	14	0	0	0	0	0	0	0
fsh-generated/resources/Measure-HIVIND68.json	3190	4	0	0	0	0	0	0	0	6	0	0	0	0	0	0	0	0	0	0	20	13	0	0	0	0	0	0	0
fsh-generated/resources/Measure-HIVIND69.json	3108	4	0	0	0	0	0	0	0	6	0	0	0	0	0	0	0	0	0	0	21	29	0	0	0	0	1	0	0
fsh-generated/resources/Measure-HIVIND7.json	3285	5	0	0	0	0	0	0	0	5	0	0	0	0	0	0	0	0	0	0	20	16	0	0	0	0	0	0	0
fsh-generated/resources/Measure-HIVIND70.json	3054	4	0	0	0	0	0	0	0	6	0	0	0	0	0	0	0	0	0	0	21	14	0	0	0	0	0	0	0
fsh-generated/resources/Measure-HIVIND71.json	3084	4	0	0	0	0	0	0	0	6	0	0	0	0	0	0	0	0	0	0	22	14	0	0	0	0	0	0	0
fsh-generated/resources/Measure-HIVIND72.json	3092	4	0	0	1	0	0	0	1	5	0	0	0	0	0	0	0	0	0	0	20	14	0	0	0	0	0	0	0
fsh-generated/resources/Measure-HIVIND73.json	3117	4	0	0	0	0	0	0	0	5	0	0	0	0	0	0	0	0	0	0	20	13	0	0	0	0	0	0	0
fsh-generated/resources/Measure-HIVIND74.json	3184	4	0	0	0	0	0	0	0	5	0	0	0	0	0	0	0	0	0	0	20	14	0	0	0	0	1	0	0
fsh-generated/resources/Measure-HIVIND75.json	3127	5	0	0	0	0	0	0	0	5	0	0	0	0	0	0	0	0	0	0	20	26	0	0	0	0	0	0	0
fsh-generated/resources/Measure-HIVIND76.json	3075	4	0	0	0	0	0	0	0	5	0	0	0	0	0	0	0	0	0	0	20	26	0	0	0	0	0	0	0
fsh-generated/resources/Measure-HIVIND77.json	3060	4	0	0	0	0	0	0	0	5	0	0	0	0	0	0	0	0	0	0	20	21	0	0	0	0	0	0	0
fsh-generated/resources/Measure-HIVIND78.json	3199	4	0	0	0	0	0	0	0	5	0	0	0	0	0	0	0	0	0	0	21	13	0	0	0	0	0	0	0
fsh-generated/resources/Measure-HIVIND79.json	3142	4	0	0	1	0	0	0	1	5	0	0	0	0	0	0	0	0	0	0	21	17	0	0	0	0	0	0	0
fsh-generated/resources/Measure-HIVIND8.json	3274	5	0	0	0	0	0	0	0	5	0	0	0	0	0	0	0	0	0	0	20	26	0	0	0	0	1	0	0
fsh-generated/resources/Measure-HIVIND80.json	3090	4	0	0	0	0	0	0	0	5	0	0	0	0	0	0	0	0	0	0	20	17	0	0	0	0	0	0	0
fsh-generated/resources/Measure-HIVIND81.json	3075	4	0	0	0	0	0	0	0	4	0	0	0	0	0	0	0	0	0	0	20	14	0	0	0	0	0	0	0
fsh-generated/resources/Measure-HIVIND82.json	3026	4	0	0	0	0	0	0	0	6	0	0	0	0	0	0	0	0	0	0	20	13	0	0	0	0	0	0	0
fsh-generated/resources/Measure-HIVIND83.json	3144	4	0	0	0	0	0	0	0	4	0	0	0	0	0	0	0	0	0	0	20	15	0	0	0	0	0	0	0
fsh-generated/resources/Measure-HIVIND84.json	3129	4	0	0	0	0	0	0	0	6	0	0	0	0	0	0	0	0	0	0	20	14	0	0	0	0	0	0	0
fsh-generated/resources/Measure-HIVIND85.json	3099	4	0	0	1	0	0	0	1	5	0	0	0	0	0	0	0	0	0	0	20	14	0	0	0	0	0	0	0
fsh-generated/resources/Measure-HIVIND86.json	3033	5	0	0	0	0	0	0	0	5	0	0	0	0	0	0	0	0	0	0	21	14	0	0	0	0	1	0	0
fsh-generated/resources/Measure-HIVIND87.json	3003	4	0	0	0	0	0	0	0	5	0	0	0	0	0	0	0	0	0	0	19	14	0	0	0	0	0	0	0
fsh-generated/resources/Measure-HIVIND88.json	3124	4	0	0	0	0	0	0	0	5	0	0	0	0	0	0	0	0	0	0	21	13	0	0	0	0	0	0	0
fsh-generated/resources/Measure-HIVIND89.json	3117	5	0	0	0	0	0	0	0	5	0	0	0	0	0	0	0	0	0	0	20	13	0	0	0	0	0	0	0
fsh-generated/resources/Measure-HIVIND9.json	3343	4	0	0	0	0	0	0	0	5	0	0	0	0	0	0	0	0	0	0	21	14	0	0	0	0	0	0	0
fsh-generated/resources/Measure-HIVIND90.json	3052	4	0	0	0	0	0	0	0	5	0	0	0	0	0	0	0	0	0	0	20	13	0	0	0	0	0	0	0
fsh-generated/resources/Measure-HIVIND91.json	3063	4	0	0	0	0	1	0	1	4	0	0	0	0	0	0	0	0	0	0	19	14	0	0	0	0	1	0	0
fsh-generated/resources/Measure-HIVIND92.json	3230	4	0	0	1	0	0	0	0	6	0	0	0	0	0	0	0	0	0	0	20	13	0	0	0	0	0	0	0
fsh-generated/resources/Measure-HIVIND93.json	3508	5	0	0	0	0	0	0	0	6	0	0	0	0	0	0	0	0	0	0	20	14	0	0	0	0	0	0	0
fsh-generated/resources/Measure-HIVIND94.json	3136	4	0	0	0	0	0	0	0	4	0	0	0	0	0	0	0	0	0	0	19	13	0	0	0	0	0	0	0
fsh-generated/resources/Measure-HIVIND95.json	3002	4	0	0	0	0	0	0	0	5	0	0	0	0	0	0	0	0	0	0	20	14	0	0	0	0	0	0	0
fsh-generated/resources/Measure-HIVIND96.json	3043	4	0	0	0	0	0	0	0	5	0	0	0	0	0	0	0	0	0	0	20	13	0	0	0	0	0	0	0
fsh-generated/resources/MedicationRequest-ExampleCurrentPrepRegimenPrescription.json	569	4	0	0	0	0	0	0	0	1	0	0	0	0	0	0	0	0	0	0	13	24	0	0	0	0	0	0	0
fsh-generated/resources/MedicationStatement-ExampleAltPepBackbonePrescription.json	560	4	0	0	0	0	0	0	0	1	0	0	0	0	0	0	0	0	0	0	13	21	0	0	0	0	0	0	0
fsh-generated/resources/MedicationStatement-ExampleAltThirdPepPrescription.json	551	4	0	0	1	0	0	0	0	1	0	0	0	0	0	0	0	0	0	0	12	16	0	0	0	0	0	0	0
fsh-generated/resources/MedicationStatement-ExampleHivOnArt.json	664	4	0	0	0	0	0	0	1	2	0	0	0	0	0	0	0	0	0	0	16	15	0	0	0	0	0	0	0
fsh-generated/resources/MedicationStatement-ExamplePreferredPepBackbonePrescription.json	564	5	0	0	0	0	0	0	0	1	0	0	0	0	0	0	0	0	1	0	13	15	0	0	0	0	0	0	0
fsh-generated/resources/MedicationStatement-ExamplePreferredThirdPepPrescription.json	553	4	0	0	0	0	0	0	0	0	0	0	0	0	0	0	0	0	0	0	13	15	0	0	0	0	0	0	0
fsh-generated/resources/MedicationStatement-ExamplePrepProductPrescription.json	507	4	0	0	0	0	0	0	0	2	0	0	0	0	0	0	0	0	0	0	12	15	0	0	0	0	1	0	0
fsh-generated/resources/Observation-ExampleCervicalCancerScreening.json	855	4	0	0	0	0	0	0	0	2	0	0	0	0	0	0	0	0	0	0	13	21	0	0	0	0	0	0	0
fsh-generated/resources/Observation-ExampleHcvTestObservation.json	931	4	0	0	0	0	0	0	0	1	0	0	0	0	0	0	0	0	0	0	14	16	0	0	0	0	0	0	0
fsh-generated/resources/Observation-ExampleHivKeyPopulation.json	929	4	0	0	0	0	0	0	0	1	0	0	0	0	0	0	0	0	0	0	13	15	0	0	0	0	0	0	0
fsh-generated/resources/Observation-ExampleHivPreventionIntervention.json	706	4	0	0	0	0	0	0	0	2	0	0	0	0	0	0	0	0	0	0	13	15	0	0	0	0	0	0	0
fsh-generated/resources/Observation-ExampleHivStatusPositiveObservation.json	689	4	0	0	0	0	0	0	0	1	0	0	0	0	0	0	0	0	0	0	13	15	0	0	0	0	0	0	0
fsh-generated/resources/Observation-ExampleHivTest.json	921	4	0	0	1	0	0	0	0	1	0	0	0	0	0	0	0	0	0	0	13	15	0	0	0	0	0	0	0
fsh-generated/resources/Patient-ExampleHivPatient.json	310	5	0	0	0	0	0	0	0	1	0	0	0	0	0	0	0	0	0	0	13	24	0	0	0	0	0	0	0
fsh-generated/resources/PlanDefinition-CareAndTreatmentClinicalVisit-PlanDefinition.json	10547	4	0	0	0	0	0	0	0	8	0	0	0	0	0	0	0	0	0	0	46	19	0	0	0	0	0	0	0
fsh-generated/resources/PlanDefinition-HIV-A-Registration-PlanDefinition.json	7549	5	0	0	0	0	0	0	1	5	0	0	0	0	0	0	0	0	0	0	27	16	0	0	0	0	1	0	0
fsh-generated/resources/PlanDefinition-HIV-Testing-PlanDefinition.json	12160	4	0	0	0	0	0	0	0	6	0	0	0	0	0	0	0	0	0	0	44	18	0	0	0	0	0	0	0
fsh-generated/resources/PlanDefinition-HIVB2DT.json	2017	5	0	0	0	0	0	0	0	7	0	0	0	0	0	0	0	0	0	0	21	14	0	0	0	0	0	0	0
fsh-generated/resources/PlanDefinition-HIVB9DT.json	14768	5	0	0	0	0	0	0	1	19	0	0	0	0	0	0	0	1	0	0	42	18	0	0	0	0	1	0	0
fsh-generated/resources/PlanDefinition-HIVC23DT.json	2704	4	0	0	1	0	0	0	0	10	0	0	0	0	0	0	0	0	0	0	26	13	0	0	0	0	0	0	0
fsh-generated/resources/PlanDefinition-HIVC7DT.json	2785	4	0	0	0	0	0	0	0	9	0	0	0	0	0	0	0	0	0	0	24	14	0	0	0	0	0	0	0
fsh-generated/resources/PlanDefinition-HIVD12DT.json	1617	4	0	0	0	0	0	0	0	7	0	0	0	0	0	0	0	0	0	0	19	13	0	0	0	0	0	0	0
fsh-generated/resources/PlanDefinition-HIVD15DT.json	1872	5	0	0	0	0	0	0	0	7	0	0	0	0	0	0	0	0	0	0	20	13	0	0	0	0	1	0	0
fsh-generated/resources/PlanDefinition-HIVD4DT.json	1594	4	0	0	0	0	0	0	0	8	0	0	0	0	0	0	0	0	0	0	19	12	0	0	0	0	0	0	0
fsh-generated/resources/PlanDefinition-PrEP-visit-PlanDefinition.json	9547	5	0	0	0	0	0	0	1	6	0	0	0	0	0	0	0	0	0	0	44	17	0	0	0	0	0	0	0
fsh-generated/resources/Practitioner-ExampleSurgeon.json	63	4	0	0	0	0	0	0	0	1	0	0	0	0	0	0	0	0	0	0	11	15	0	0	0	0	0	0	0
fsh-generated/resources/Procedure-ExampleHivInvasiveCervicalCancerTreatment.json	729	4	0	0	0	0	0	0	0	3	0	0	0	0	0	0	0	0	0	0	13	22	0	0	0	0	0	0	0
fsh-generated/resources/Procedure-HivVmmcProcedureExample.json	470	4	0	0	0	0	0	0	0	1	0	0	0	0	0	0	0	0	0	0	13	16	0	0	0	0	0	0	0
fsh-generated/resources/Questionnaire-HIV.A2GatherClientDetails.json	1659	4	0	0	1	0	0	0	0	46	0	0	0	0	0	0	0	0	0	0	33	22	0	0	0	0	1	0	0
fsh-generated/resources/Questionnaire-HIV.A5CreateNewClientRecord.json	5933	5	0	0	0	0	0	0	1	15	0	0	0	0	0	0	0	0	0	0	77	35	0	0	0	0	2	0	0
fsh-generated/resources/Questionnaire-HIV.A6.1ReviewSociodemographicDataWithClient.json	5999	4	0	0	0	0	0	0	0	22	0	0	0	0	0	0	0	0	0	0	78	31	0	0	0	0	2	0	0
fsh-generated/resources/Questionnaire-HIV.B18ProvideVoluntaryPartnerAndFamilyServices.json	1001	5	0	0	0	0	0	0	0	13	0	0	0	0	0	0	0	0	0	0	29	29	0	0	0	0	0	0	0
fsh-generated/resources/Questionnaire-HIV.B1DetermineReasonForVisit.json	2650	4	0	0	0	0	0	0	0	11	0	0	0	0	0	0	0	0	0	0	46	29	0	0	0	0	1	0	0
fsh-generated/resources/Questionnaire-HIV.B20ScheduleRetest.json	1800	4	0	0	0	0	0	0	1	8	0	0	0	0	0	0	0	0	0	0	33	29	0	0	0	0	1	0	0
fsh-generated/resources/Questionnaire-HIV.B21OfferPreventionOptions.json	2459	4	0	0	1	0	0	0	0	8	0	0	0	0	0	0	0	0	0	0	40	23	0	0	0	0	0	0	0
fsh-generated/resources/Questionnaire-HIV.B23OfferSexualAndReproductiveHealthServices.json	9625	5	0	0	0	0	0	0	1	14	0	0	0	0	0	0	0	0	0	0	110	32	0	0	0	0	3	0	0
fsh-generated/resources/Questionnaire-HIV.B6CaptureOrUpdateClientHistory.json	6498	4	0	0	0	0	0	0	1	12	0	0	0	0	0	0	0	0	0	0	81	26	0	0	0	0	2	0	0
fsh-generated/resources/Questionnaire-HIV.B7TestForHivUsingTestingAlgorithm.json	5096	5	0	0	0	0	0	0	0	10	0	0	0	0	0	0	0	0	0	0	64	25	0	0	0	0	1	0	0
fsh-generated/resources/Questionnaire-HIV.B8ProvidePostTestCounselling.json	1790	4	0	0	1	0	0	0	0	7	0	0	0	0	0	0	0	0	0	0	35	20	0	0	0	0	1	0	0
fsh-generated/resources/Questionnaire-HIV.B9DetermineRecommendedServices.json	3916	4	0	0	0	0	0	0	0	8	0	0	0	0	0	0	0	0	0	0	51	29	0	0	0	0	2	0	0
fsh-generated/resources/Questionnaire-HIV.C10CounselOnRiskAndPrevention.json	3093	4	0	0	0	0	0	0	1	8	0	0	0	0	0	0	0	0	0	0	44	20	0	0	0	0	1	0	0
fsh-generated/resources/Questionnaire-HIV.C17DetermineRecommendedTests.json	952	4	0	0	0	0	0	0	0	7	0	0	0	0	0	0	0	0	0	0	24	17	0	0	0	0	1	0	0
fsh-generated/resources/Questionnaire-HIV.C1DetermineReasonForVisit.json	1121	4	0	0	0	0	0	0	0	6	0	0	0	0	0	0	0	0	0	0	25	16	0	0	0	0	0	0	0
fsh-generated/resources/Questionnaire-HIV.C21Diagnostics.json	1049	5	0	0	1	0	0	0	0	7	0	0	0	0	0	0	0	0	0	0	26	16	0	0	0	0	1	0	0
fsh-generated/resources/Questionnaire-HIV.C23PrescribeOrAdministerPrepOrPep.json	5925	4	0	0	0	0	0	0	0	10	0	0	0	0	0	0	0	0	0	0	73	28	0	0	0	0	2	0	0
fsh-generated/resources/Questionnaire-HIV.C24ScheduleFollowUp.json	1330	4	0	0	0	0	0	0	0	7	0	0	0	0	0	0	0	0	0	0	30	18	0	0	0	0	1	0	0
fsh-generated/resources/Questionnaire-HIV.C3CaptureOrUpdateClientHistory.json	5343	5	0	0	0	0	0	0	1	14	0	0	0	0	0	0	0	0	0	0	66	26	0	0	0	0	2	0	0
fsh-generated/resources/Questionnaire-HIV.C6PostTestPackageOfServices.json	923	4	0	0	0	0	0	0	0	7	0	0	0	0	0	0	0	0	0	0	23	16	0	0	0	0	0	0	0
fsh-generated/resources/Questionnaire-HIV.C8SuitableForPrepOrPep.json	1071	4	0	0	1	0	0	0	0	6	0	0	0	0	0	0	0	0	0	0	26	15	0	0	0	0	0	0	0
fsh-generated/resources/Questionnaire-HIV.D10CounselReturningClient.json	2743	4	0	0	0	0	0	0	0	8	0	0	0	0	0	0	0	0	0	0	41	18	0	0	0	0	1	0	0
fsh-generated/resources/Questionnaire-HIV.D12DetermineRecommendedScreeningsAndTests.json	5201	5	0	0	0	0	0	0	1	16	0	0	0	0	0	0	0	0	0	0	65	24	0	0	0	0	2	0	0
fsh-generated/resources/Questionnaire-HIV.D14PreventScreenAndManageComorbiditiesAndCoinfections.json	1771	4	0	0	0	0	0	0	0	13	0	0	0	0	0	0	0	0	0	0	31	20	0	0	0	0	0	0	0
fsh-generated/resources/Questionnaire-HIV.D15DetermineClinicalStageOfHiv.json	1708	4	0	0	0	0	0	0	0	14	0	0	0	0	0	0	0	0	0	0	31	18	0	0	0	0	1	0	1
fsh-generated/resources/Questionnaire-HIV.D16PerformOtherScreenings.json	3999	5	0	0	0	0	0	0	0	12	0	0	0	0	0	0	0	0	0	0	53	20	0	0	0	0	1	0	0
fsh-generated/resources/Questionnaire-HIV.D17CheckForSignsOfTreatmentFailure.json	961	4	0	0	0	0	0	0	0	6	0	0	0	0	0	0	0	0	0	0	24	15	0	0	0	0	0	0	0
fsh-generated/resources/Questionnaire-HIV.D19AssessForVaccinePreventableDiseases.json	3243	4	0	0	0	0	0	0	1	14	0	0	0	0	0	0	0	0	0	0	46	19	0	0	1	0	1	0	0
fsh-generated/resources/Questionnaire-HIV.D1DetermineReasonForVisit.json	1376	4	0	0	0	0	0	0	0	13	0	0	0	0	0	0	0	0	0	0	28	16	0	0	0	0	1	0	0
fsh-generated/resources/Questionnaire-HIV.D20Diagnostics.json	14315	5	0	0	1	0	0	0	1	28	0	0	0	0	0	0	0	1	0	0	162	40	0	0	0	0	4	0	0
fsh-generated/resources/Questionnaire-HIV.D21DetermineRegimenAndTreatmentOptions.json	9626	4	0	0	0	0	0	0	1	12	0	0	0	0	0	0	0	0	0	0	107	31	0	0	0	0	2	0	0
fsh-generated/resources/Questionnaire-HIV.D23Prescribe.json	5533	5	0	0	0	0	0	0	0	99	0	0	0	0	0	0	0	0	0	0	72	24	0	0	0	0	2	0	0
fsh-generated/resources/Questionnaire-HIV.D24Counsel.json	5477	4	0	0	0	0	0	0	0	21	0	0	0	0	0	0	0	0	0	0	70	35	0	0	0	0	2	0	0
fsh-generated/resources/Questionnaire-HIV.D25OfferVoluntaryPartnerAndFamilyServices.json	3188	4	0	0	0	0	0	0	1	15	0	0	0	0	0	0	0	0	0	0	46	20	0	0	0	0	1	0	0
fsh-generated/resources/Questionnaire-HIV.D26OfferSexualAndReproductiveHealthServices.json	9625	5	0	0	0	0	0	0	0	23	0	0	0	0	0	0	0	0	0	0	111	29	0	0	0	0	2	0	0
fsh-generated/resources/Questionnaire-HIV.D28OfferOtherServices.json	9273	4	0	0	1	0	0	0	1	22	0	0	0	0	0	0	0	0	0	0	108	28	0	0	0	0	3	0	0
fsh-generated/resources/Questionnaire-HIV.D29ScheduleFollowUp.json	1993	5	0	0	0	0	0	0	0	16	0	0	0	0	0	0	0	0	0	0	36	18	0	0	0	0	0	0	0
fsh-generated/resources/Questionnaire-HIV.D2TakeVitalSigns.json	2725	4	0	0	0	0	0	0	0	16	0	0	0	0	0	0	0	0	0	0	44	19	0	0	0	0	1	0	0
fsh-generated/resources/Questionnaire-HIV.D3CheckForSignsOfSeriousIllness.json	1178	4	0	0	0	0	0	0	1	13	0	0	0	0	0	0	0	0	0	0	26	15	0	0	0	0	1	0	0
fsh-generated/resources/Questionnaire-HIV.D4ScreenForTb.json	4481	5	0	0	0	0	0	0	0	17	0	0	0	0	0	0	0	0	0	0	60	20	0	0	0	0	1	0	0
fsh-generated/resources/Questionnaire-HIV.D8CaptureOrUpdateClientHistory.json	17472	5	0	0	0	0	0	0	1	24	0	0	0	0	0	0	0	0	0	0	189	45	0	0	0	0	4	0	0
fsh-generated/resources/Questionnaire-HIV.E1CaptureOrUpdateMotherSHistory.json	16979	5	0	0	0	0	0	0	2	20	0	0	0	0	0	0	0	0	0	0	207	63	0	0	0	0	5	0	0
fsh-generated/resources/Questionnaire-HIV.E4TestMotherForHivUsingTestingAlgorithm.json	3659	4	0	0	1	0	0	0	0	12	0	0	0	0	0	0	0	0	0	0	55	26	0	0	0	0	1	0	0
fsh-generated/resources/Questionnaire-HIV.F12Prescribe.json	1771	4	0	0	0	0	0	0	0	8	0	0	0	0	0	0	0	0	0	0	33	16	0	0	0	0	1	0	0
fsh-generated/resources/Questionnaire-HIV.F16ImmediatelyStartInfantOnArt.json	905	4	0	0	0	0	0	0	0	7	0	0	0	0	0	0	0	0	0	0	22	15	0	0	0	0	0	0	0
fsh-generated/resources/Questionnaire-HIV.F20RecordInfantSChildSFinalHivDiagnosis.json	2202	5	0	0	0	0	0	0	0	7	0	0	0	0	0	0	0	1	0	0	36	18	0	0	0	0	1	0	0
fsh-generated/resources/Questionnaire-HIV.F2TakeVitalSigns.json	1038	4	0	0	0	0	0	0	0	6	0	0	0	0	0	0	0	0	0	0	25	15	0	0	0	0	0	0	0
fsh-generated/resources/Questionnaire-HIV.F3CaptureOrUpdateInfantSChildSHistory.json	4642	4	0	0	0	0	0	0	1	9	0	0	0	0	0	0	0	0	0	0	61	22	0	0	0	0	2	0	0
fsh-generated/resources/Questionnaire-HIV.F6CheckWhetherInfantChildHadHivExposure.json	1212	4	0	0	0	0	0	0	0	6	0	0	0	0	0	0	0	0	0	0	26	16	0	0	0	0	0	0	0
fsh-generated/resources/Questionnaire-HIV.F8TestInfantChildForHivUsingTestingAlgorithm.json	2414	4	0	0	1	0	0	0	0	7	0	0	0	0	0	0	0	0	0	0	39	17	0	0	0	0	1	0	0
fsh-generated/resources/Questionnaire-HIV.H1IdentifyClientForFollowUp.json	1143	4	0	0	0	0	0	0	0	6	0	0	0	0	0	0	0	0	0	0	25	16	0	0	0	0	0	0	0
fsh-generated/resources/Questionnaire-HIV.H2AttemptToLocateClient.json	1992	5	0	0	0	0	0	0	0	7	0	0	0	0	0	0	0	0	0	0	35	17	0	0	0	0	1	0	0
fsh-generated/resources/Questionnaire-HIV.H3RecordOutreachAndResult.json	4985	4	0	0	0	0	0	0	1	10	0	0	0	0	0	0	0	0	0	0	67	22	0	0	0	0	1	0	0
fsh-generated/resources/Questionnaire-HIV.HFollowingUpAndContactingClients.json	1164	4	0	0	0	0	0	0	0	6	0	0	0	0	0	0	0	0	0	0	26	16	0	0	0	0	1	0	0
fsh-generated/resources/Questionnaire-HIV.I1EmergencyReferral.json	854	4	0	0	0	0	0	0	0	6	0	0	0	0	0	0	0	0	0	0	26	15	0	0	0	0	0	0	0
fsh-generated/resources/Questionnaire-HIV.I6ProvideInformationToReferralFacility.json	3096	4	0	0	0	0	0	0	0	9	0	0	0	0	0	0	0	0	0	0	47	19	0	0	0	0	1	0	0
fsh-generated/resources/Requirements-HIV.A.Registration.json	5656	5	0	0	1	0	0	0	0	14	0	0	0	0	0	0	0	0	0	0	36	32	0	0	0	0	1	0	1
fsh-generated/resources/Requirements-HIV.B.HIVtestingservices.json	3453	4	0	0	0	0	0	0	0	13	0	0	0	0	0	0	0	0	0	0	27	24	0	0	0	0	1	0	0
fsh-generated/resources/Requirements-HIV.C.PrEPvisit.json	1472	4	0	0	0	0	0	0	0	7	0	0	0	0	0	0	0	0	0	0	20	20	0	0	0	0	0	0	0
fsh-generated/resources/Requirements-HIV.D.Careandtreatmentclinicalvisit.json	1723	4	0	0	0	0	0	0	0	6	0	0	0	0	0	0	0	0	0	0	20	20	0	0	0	0	0	0	0
fsh-generated/resources/Requirements-HIV.G.Diagnostics.json	349	5	0	0	0	0	0	0	0	6	0	0	0	0	0	0	0	0	0	0	13	19	0	0	0	0	0	0	0
fsh-generated/resources/Requirements-HIV.H.Followingupandcontactingclients.json	982	4	0	0	0	0	0	0	0	6	0	0	0	0	0	0	0	0	0	0	17	18	0	0	0	0	0	0	0
fsh-generated/resources/Requirements-HIV.I.Referral.json	1657	4	0	0	0	0	0	0	1	6	0	0	0	0	0	0	0	0	0	0	21	21	0	0	0	0	1	0	0
fsh-generated/resources/Requirements-HIV.J.Aggregatereportinganddatause.json	986	4	0	0	0	0	0	0	0	6	0	0	0	0	0	0	0	0	0	0	17	19	0	0	0	1	0	0	0
fsh-generated/resources/Requirements-HIVNonFunctionalRequirements.json	11719	5	0	0	1	0	0	0	0	33	0	0	0	0	0	0	0	0	0	0	73	35	0	0	0	0	2	0	0
fsh-generated/resources/StructureDefinition-ChildDeliveryObservation.json	2069	5	0	74	0	0	0	0	0	45	0	0	0	0	0	0	0	0	0	0	156	3526	0	0	0	0	6	0	1
fsh-generated/resources/StructureDefinition-HIVARegistration.json	18099	5	0	46	0	0	0	0	0	32	0	0	0	0	0	0	0	1	0	0	126	358	0	0	0	0	3	0	0
fsh-generated/resources/StructureDefinition-HIVBHTSvisit.json	74331	7	0	78	0	0	0	0	0	80	0	0	0	0	0	0	0	1	0	0	458	599	0	0	0	0	14	0	1
fsh-generated/resources/StructureDefinition-HIVCPrEPvisit.json	40522	6	0	53	0	0	0	0	0	34	0	0	1	0	0	0	0	0	0	0	254	412	0	0	1	0	8	0	0
fsh-generated/resources/StructureDefinition-HIVConfiguration.json	13929	5	0	40	0	0	0	0	0	19	0	0	0	0	0	0	0	0	0	0	95	259	0	0	0	0	2	0	0
fsh-generated/resources/StructureDefinition-HIVDCareTreatment.json	198974	13	0	110	0	0	0	0	0	177	0	0	0	0	0	0	0	3	0	0	1172	1064	0	0	0	0	37	1	3
fsh-generated/resources/StructureDefinition-HIVDHIVTB.json	23459	6	0	44	0	0	0	0	0	32	0	0	1	0	0	0	0	0	0	0	158	179	0	0	1	0	6	0	0
fsh-generated/resources/StructureDefinition-HIVEPMTCT.json	77678	8	0	34	1	0	0	0	1	70	0	0	0	0	0	0	0	2	0	0	474	467	0	0	0	0	15	0	1
fsh-generated/resources/StructureDefinition-HIVGDiagnostics.json	23950	5	0	14	0	0	0	0	0	25	0	0	0	0	0	0	0	0	0	0	156	174	0	0	0	0	5	0	0
fsh-generated/resources/StructureDefinition-HIVHFollowup.json	18238	5	0	15	0	0	0	0	0	35	0	0	0	0	0	0	0	0	0	0	122	148	0	0	0	0	3	0	0
fsh-generated/resources/StructureDefinition-HIVIReferral.json	8164	4	0	8	0	0	0	0	0	12	0	0	0	0	0	0	0	0	0	0	66	98	0	0	0	0	1	0	0
fsh-generated/resources/StructureDefinition-HIVPrevention.json	12325	5	0	9	0	0	0	1	0	12	0	0	0	0	0	0	0	0	0	0	87	117	0	0	0	0	3	0	1
fsh-generated/resources/StructureDefinition-HIVSurveillance.json	1382	4	0	6	0	0	0	0	0	12	0	0	0	0	0	0	0	0	0	0	23	70	0	0	0	0	0	0	0
fsh-generated/resources/StructureDefinition-HcvViralLoadTest.json	1333	4	0	70	0	0	0	0	0	29	0	0	1	0	0	0	0	1	0	0	136	270	0	0	0	0	5	0	0
fsh-generated/resources/StructureDefinition-HivAltPepBackbonePrescription.json	1242	4	0	50	0	0	0	0	0	20	0	0	0	0	0	0	0	0	0	0	132	233	0	0	0	0	5	0	0
fsh-generated/resources/StructureDefinition-HivAltThirdPepPrescription.json	1240	5	0	34	1	0	0	0	0	14	0	0	0	0	0	0	0	1	0	0	131	230	0	0	0	0	5	0	1
fsh-generated/resources/StructureDefinition-HivAncEncounter.json	856	4	0	60	0	0	0	0	0	13	0	0	0	0	0	0	0	1	0	0	147	249	0	0	0	0	4	0	0
fsh-generated/resources/StructureDefinition-HivAntiRetroviralEpisode.json	1101	4	0	19	0	0	0	0	0	18	0	0	0	0	0	0	0	0	0	0	84	148	0	0	0	0	4	1	1
fsh-generated/resources/StructureDefinition-HivAntiRetroviralTreatment.json	1590	4	0	19	0	0	0	0	0	18	0	0	0	0	0	0	0	0	0	0	80	153	0	0	0	0	2	0	0
fsh-generated/resources/StructureDefinition-HivCervicalCancerScreening.json	1374	4	0	38	0	0	0	0	0	12	0	0	0	0	0	0	0	1	0	0	130	242	0	0	0	0	5	0	0
fsh-generated/resources/StructureDefinition-HivCondition.json	829	4	0	34	0	0	0	0	0	11	0	0	0	0	0	0	0	0	0	0	92	174	0	0	0	0	3	0	1
fsh-generated/resources/StructureDefinition-HivCurrentPrepRegimenPrescription.json	1250	4	0	42	0	0	0	0	0	17	0	0	0	0	0	0	0	1	0	0	135	208	0	0	0	0	5	0	0
fsh-generated/resources/StructureDefinition-HivElevatedHivAcquisitionRiskCondition.json	983	4	0	12	1	0	0	0	0	11	0	0	0	0	0	0	0	0	0	0	92	169	0	0	0	0	3	0	1
fsh-generated/resources/StructureDefinition-HivElevatedRiskForAcquisition.json	1422	4	0	48	0	0	0	0	0	11	0	0	0	0	0	0	0	0	0	0	106	2708	0	0	0	0	3	0	0
fsh-generated/resources/StructureDefinition-HivEncounter.json	836	4	0	0	0	0	0	0	0	14	0	0	1	0	0	0	0	1	0	0	142	234	0	0	0	0	5	0	0
fsh-generated/resources/StructureDefinition-HivGonorhoeaTest.json	1339	5	0	15	0	0	0	0	0	14	0	0	0	0	0	0	0	0	0	0	138	232	0	0	0	0	4	0	1
fsh-generated/resources/StructureDefinition-HivGonorrhoeaTreatment.json	1681	4	0	30	0	0	0	0	0	24	0	0	0	0	0	0	0	1	0	0	87	148	0	0	0	0	3	0	0
fsh-generated/resources/StructureDefinition-HivHBsAgTest.json	1390	4	0	25	0	0	0	0	0	23	0	0	0	0	0	0	0	0	0	0	138	236	0	0	0	0	5	0	1
fsh-generated/resources/StructureDefinition-HivHBsAgTestD.json	1395	4	0	25	0	0	0	0	0	24	0	0	0	0	0	0	0	1	0	0	138	226	0	0	0	0	5	0	0
fsh-generated/resources/StructureDefinition-HivHcvTest.json	1376	4	0	15	0	0	0	0	0	27	0	0	0	0	0	0	0	0	0	0	137	227	0	0	0	0	6	0	0
fsh-generated/resources/StructureDefinition-HivHcvTestD.json	1377	4	0	24	0	0	0	0	0	26	0	0	0	0	0	0	0	1	0	0	138	391	0	0	0	0	8	0	1
fsh-generated/resources/StructureDefinition-HivHcvTreatment.json	1570	4	0	20	1	0	0	0	0	11	0	0	0	0	0	0	0	0	0	0	80	220	0	0	0	0	2	0	0
fsh-generated/resources/StructureDefinition-HivHcvViralLoadTest.json	1387	4	0	19	0	0	0	0	0	13	0	0	0	0	0	0	0	0	0	0	146	386	0	0	0	0	5	1	1
fsh-generated/resources/StructureDefinition-HivHivTest.json	1077	5	0	20	0	0	0	0	0	14	0	0	0	0	0	0	0	1	0	0	134	406	0	0	0	0	5	0	0
fsh-generated/resources/StructureDefinition-HivHtsVisit.json	836	4	0	15	0	0	0	0	0	22	0	0	0	0	0	0	0	0	0	0	141	371	0	0	0	0	4	0	0
fsh-generated/resources/StructureDefinition-HivInfantPatient.json	864	4	0	58	0	0	0	0	0	23	0	0	1	0	0	0	0	1	0	0	120	391	0	0	0	0	5	0	1
fsh-generated/resources/StructureDefinition-HivInvasiveCervicalCancerDiagnosis.json	1062	4	0	23	0	0	0	0	0	14	0	0	0	0	0	0	0	0	0	0	95	264	0	0	0	0	3	0	0
fsh-generated/resources/StructureDefinition-HivInvasiveCervicalCancerTreatment.json	1062	4	0	27	0	0	0	0	0	21	0	0	0	0	0	0	0	1	0	0	112	301	0	0	0	0	3	0	1
fsh-generated/resources/StructureDefinition-HivKeyPopulation.json	1765	4	0	48	1	0	0	0	0	15	0	0	0	0	0	0	0	0	0	0	146	397	0	0	0	0	5	0	0
fsh-generated/resources/StructureDefinition-HivLabTestObservation.json	2048	4	0	0	0	0	0	0	0	15	0	0	0	0	0	0	0	1	0	0	146	370	0	0	0	0	6	0	0
fsh-generated/resources/StructureDefinition-HivLabTestServiceRequest.json	1358	5	0	44	0	0	0	0	0	12	0	0	0	0	0	0	0	0	0	0	106	295	0	0	0	0	3	0	1
fsh-generated/resources/StructureDefinition-HivLabTestSpecimen.json	851	4	0	32	0	0	0	0	0	10	0	0	0	0	0	0	0	0	0	0	95	275	0	0	0	0	4	0	0
fsh-generated/resources/StructureDefinition-HivMother.json	841	4	0	24	0	0	0	0	0	87	0	0	0	0	0	0	0	1	0	0	119	226	0	0	0	0	4	0	1
fsh-generated/resources/StructureDefinition-HivOamTreatment.json	913	4	0	19	0	0	0	0	0	16	0	0	0	0	0	0	0	0	0	0	73	127	0	0	0	0	2	0	0
fsh-generated/resources/StructureDefinition-HivOnArt.json	1481	4	0	22	0	0	0	0	0	11	0	0	0	0	0	0	0	0	0	0	85	130	0	0	0	0	3	0	0
fsh-generated/resources/StructureDefinition-HivPatient.json	1337	4	0	0	1	0	0	0	0	24	0	0	0	0	0	0	0	1	0	0	132	216	0	0	0	0	5	0	1
fsh-generated/resources/StructureDefinition-HivPepBackboneAlternativeTreatment.json	1277	4	0	28	0	0	0	0	0	10	0	0	0	0	0	0	0	0	0	0	75	126	0	0	0	0	2	1	0
fsh-generated/resources/StructureDefinition-HivPepBackbonePreferredTreatment.json	1268	4	0	9	0	0	0	0	0	9	0	0	0	0	0	0	0	1	0	0	73	127	0	0	0	0	3	0	0
fsh-generated/resources/StructureDefinition-HivPepThirdAlternativeTreatment.json	1278	5	0	11	0	0	0	0	0	9	0	0	0	0	0	0	0	0	0	0	74	132	0	0	0	0	2	0	0
fsh-generated/resources/StructureDefinition-HivPepThirdPreferredTreatment.json	1267	4	0	65	0	0	0	0	0	9	0	0	0	0	0	0	0	0	0	0	74	127	0	0	0	0	3	0	0
fsh-generated/resources/StructureDefinition-HivPregnancyCondition.json	886	4	0	10	0	0	0	0	0	9	0	0	0	0	0	0	0	0	0	0	93	154	0	0	0	0	3	0	1
fsh-generated/resources/StructureDefinition-HivPrepTreatment.json	1541	5	0	9	0	0	0	0	0	10	0	0	1	0	0	0	0	1	0	0	85	129	0	0	0	0	2	0	0
fsh-generated/resources/StructureDefinition-HivPreventionIntervention.json	1610	4	0	32	1	0	0	0	0	13	0	0	0	0	0	0	0	0	0	0	145	216	0	0	0	0	6	0	0
fsh-generated/resources/StructureDefinition-HivStatusCondition.json	1581	4	0	28	0	0	0	0	0	18	0	0	0	0	0	0	0	0	0	0	111	193	0	0	0	0	3	0	1
fsh-generated/resources/StructureDefinition-HivStatusObservation.json	1438	4	0	34	0	0	0	0	0	13	0	0	0	0	0	0	0	1	0	0	135	224	0	0	0	0	5	0	0
fsh-generated/resources/StructureDefinition-HivStiServices.json	812	4	0	28	0	0	0	0	0	11	0	0	0	0	0	0	0	0	0	0	104	178	0	0	0	0	4	0	0
fsh-generated/resources/StructureDefinition-HivSyndromeStiDiagnosis.json	1116	5	0	12	0	0	0	0	0	10	0	0	0	0	0	0	0	1	0	0	95	165	0	0	0	0	3	0	1
fsh-generated/resources/StructureDefinition-HivTreatment.json	940	4	0	47	0	0	0	0	0	22	0	0	0	0	0	0	0	0	0	0	128	198	0	0	0	0	4	0	0
fsh-generated/resources/StructureDefinition-HivTreatmentMedicationRequest.json	1208	4	0	0	1	0	0	0	0	23	0	0	0	0	0	0	0	1	0	0	131	196	0	0	0	0	5	0	1
fsh-generated/resources/StructureDefinition-HivTreatmentMedicationStatement.json	967	4	0	0	0	0	0	0	0	18	0	0	0	0	0	0	0	0	0	0	71	126	0	0	0	0	2	0	0
fsh-generated/resources/StructureDefinition-HivTreatmentProcedure.json	876	4	0	28	0	0	0	0	0	21	0	0	0	0	0	0	0	1	0	0	104	167	0	0	0	0	4	0	0
fsh-generated/resources/StructureDefinition-HivVmmcAdverseEvent.json	1438	4	0	23	0	0	0	0	0	21	0	0	0	0	0	0	0	0	0	0	93	155	0	0	0	0	3	0	1
fsh-generated/resources/StructureDefinition-HivVmmcProcedure.json	1273	4	0	30	0	0	0	0	0	22	0	0	0	0	0	0	0	0	0	0	116	181	0	0	0	0	3	0	0
fsh-generated/resources/ValueSet-HIV.A.DE13.json	786	4	0	0	0	0	0	0	1	77	0	0	0	0	0	0	0	0	0	0	13	167	0	0	0	0	1	0	0
fsh-generated/resources/ValueSet-HIV.A.DE18.json	1178	4	0	0	0	0	0	0	0	10	0	0	0	0	0	0	0	0	0	0	15	67	0	0	1	0	0	0	0
fsh-generated/resources/ValueSet-HIV.A.DE25.json	986	4	0	0	1	0	0	0	0	7	0	0	0	0	0	0	0	0	0	0	15	45	0	0	0	0	0	0	0
fsh-generated/resources/ValueSet-HIV.A.DE30.json	1774	4	0	0	0	0	0	0	0	12	0	0	0	0	0	0	0	0	0	0	18	109	0	0	0	0	1	0	0
fsh-generated/resources/ValueSet-HIV.A.DE43.json	1377	5	0	0	0	0	0	0	0	7	0	0	0	0	0	0	0	0	0	0	16	37	0	0	0	0	0	0	0
fsh-generated/resources/ValueSet-HIV.A.DE46.json	968	4	0	0	0	0	0	0	0	11	0	0	0	0	0	0	0	0	0	0	14	48	0	0	0	0	0	0	0
fsh-generated/resources/ValueSet-HIV.A.DE5.json	898	4	0	0	0	0	0	0	0	6	0	0	0	0	0	0	0	0	0	0	16	40	0	0	0	0	0	0	0
fsh-generated/resources/ValueSet-HIV.B.DE1.json	1042	4	0	0	0	0	0	0	0	6	0	0	0	0	0	0	0	0	0	0	25	45	0	0	0	0	0	0	0
fsh-generated/resources/ValueSet-HIV.B.DE102.json	1049	4	0	0	0	0	0	0	0	7	0	0	0	0	0	0	0	0	0	0	14	43	0	0	0	0	0	0	0
fsh-generated/resources/ValueSet-HIV.B.DE106.json	1067	4	0	0	1	0	0	0	0	6	0	0	0	0	0	0	0	0	0	0	15	45	0	0	0	0	1	0	0
fsh-generated/resources/ValueSet-HIV.B.DE111.json	1058	4	0	0	0	0	0	0	0	12	0	0	0	0	0	0	0	0	0	0	15	37	0	0	0	0	0	0	0
fsh-generated/resources/ValueSet-HIV.B.DE115.json	1108	4	0	0	0	0	0	0	0	6	0	0	0	0	0	0	0	1	0	0	16	38	0	0	0	0	0	0	0
fsh-generated/resources/ValueSet-HIV.B.DE120.json	855	5	0	0	0	0	0	0	0	6	0	0	0	0	0	0	0	0	0	0	13	30	0	0	0	0	0	0	0
fsh-generated/resources/ValueSet-HIV.B.DE121.json	1499	4	0	0	0	0	0	0	1	7	0	0	0	0	0	0	0	0	0	0	18	47	0	0	0	0	0	0	0
fsh-generated/resources/ValueSet-HIV.B.DE132.json	1045	4	0	0	0	0	0	0	0	6	0	0	0	0	0	0	0	0	0	0	15	41	0	0	0	0	0	0	0
fsh-generated/resources/ValueSet-HIV.B.DE136.json	1100	4	0	0	1	0	0	0	0	6	0	0	0	0	0	0	0	0	0	0	16	38	0	0	0	0	1	0	0
fsh-generated/resources/ValueSet-HIV.B.DE142.json	1518	4	0	0	0	0	0	0	0	13	0	0	0	0	0	0	0	0	0	0	16	43	0	0	0	0	0	0	0
fsh-generated/resources/ValueSet-HIV.B.DE149.json	2002	4	0	0	0	0	0	0	0	14	0	0	0	0	0	0	0	0	0	0	19	48	0	0	0	0	0	0	0
fsh-generated/resources/ValueSet-HIV.B.DE15.json	974	4	0	0	0	0	0	0	0	12	0	0	0	0	0	0	0	0	0	0	14	37	0	0	0	0	0	0	0
fsh-generated/resources/ValueSet-HIV.B.DE158.json	1551	4	0	0	0	0	0	0	0	10	0	0	0	0	0	0	0	0	0	0	17	45	0	0	0	0	1	0	0
fsh-generated/resources/ValueSet-HIV.B.DE165.json	1700	4	0	0	1	0	0	0	0	6	0	0	0	0	0	0	0	0	0	0	17	42	0	0	0	0	0	0	0
fsh-generated/resources/ValueSet-HIV.B.DE172.json	1382	4	0	0	0	0	0	0	0	6	0	0	0	0	0	0	0	0	0	0	16	44	0	0	0	0	0	0	0
fsh-generated/resources/ValueSet-HIV.B.DE179.json	1229	4	0	0	0	0	0	0	0	6	0	0	0	0	0	0	0	0	0	0	15	38	0	0	0	0	0	0	0
fsh-generated/resources/ValueSet-HIV.B.DE18.json	1205	4	0	0	0	0	0	0	0	6	0	0	0	0	0	0	0	0	0	0	17	34	0	0	0	0	0	0	0
fsh-generated/resources/ValueSet-HIV.B.DE191.json	954	4	0	0	0	0	0	0	0	13	0	0	0	0	0	0	0	0	0	0	14	31	0	0	0	0	1	0	0
fsh-generated/resources/ValueSet-HIV.B.DE201.json	987	4	0	0	0	0	0	0	0	10	0	0	0	0	0	1	0	0	0	0	14	35	0	0	0	0	0	0	0
fsh-generated/resources/ValueSet-HIV.B.DE204.json	965	4	0	0	0	0	0	0	1	6	0	0	0	0	0	0	0	0	0	0	15	34	0	0	0	0	0	0	0
fsh-generated/resources/ValueSet-HIV.B.DE207.json	2333	5	0	0	1	0	0	0	0	7	0	0	0	0	0	0	0	0	0	0	18	60	0	0	0	0	0	0	0
fsh-generated/resources/ValueSet-HIV.B.DE22.json	1503	4	0	0	0	0	0	0	0	6	0	0	0	0	0	0	0	0	0	0	17	38	0	0	0	0	0	0	0
fsh-generated/resources/ValueSet-HIV.B.DE226.json	1493	4	0	0	0	0	0	0	0	6	0	0	0	0	0	0	0	0	0	0	16	42	0	0	0	0	1	0	0
fsh-generated/resources/ValueSet-HIV.B.DE237.json	1767	4	0	0	0	0	0	0	0	6	0	0	0	0	0	0	0	0	0	0	17	51	0	0	0	0	0	0	0
fsh-generated/resources/ValueSet-HIV.B.DE250.json	1012	4	0	0	0	0	0	0	0	6	0	0	0	0	0	0	0	0	0	0	14	36	0	0	0	0	0	0	0
fsh-generated/resources/ValueSet-HIV.B.DE256.json	1016	4	0	0	0	0	0	0	0	6	0	0	0	0	0	0	0	0	0	0	15	34	0	0	0	0	0	0	0
fsh-generated/resources/ValueSet-HIV.B.DE261.json	1318	4	0	0	1	0	0	0	0	10	0	0	0	0	0	0	0	0	0	0	16	44	0	0	0	0	0	0	0
fsh-generated/resources/ValueSet-HIV.B.DE269.json	1232	4	0	0	0	0	0	0	0	6	0	0	0	0	0	0	0	0	0	0	15	40	0	0	0	0	0	0	0
fsh-generated/resources/ValueSet-HIV.B.DE276.json	1230	4	0	0	0	0	0	0	0	6	0	0	0	0	0	0	0	0	0	0	15	39	0	0	0	0	1	0	0
fsh-generated/resources/ValueSet-HIV.B.DE284.json	1321	4	0	0	0	0	0	0	0	6	0	0	0	0	0	0	0	0	0	0	16	46	0	0	0	0	0	0	0
fsh-generated/resources/ValueSet-HIV.B.DE293.json	1230	4	0	0	0	0	0	0	1	6	0	0	0	0	0	0	0	0	0	0	14	46	0	0	0	0	0	0	0
fsh-generated/resources/ValueSet-HIV.B.DE301.json	1056	4	0	0	0	0	0	0	0	6	0	0	0	0	0	0	0	0	0	0	15	38	0	0	0	0	0	0	0
fsh-generated/resources/ValueSet-HIV.B.DE306.json	1043	5	0	0	0	0	0	0	0	5	0	0	0	0	0	0	0	0	0	0	15	37	0	0	0	0	0	0	0
fsh-generated/resources/ValueSet-HIV.B.DE312.json	1002	4	0	0	1	0	0	0	0	6	0	0	0	0	0	0	0	0	0	0	17	33	0	0	0	0	1	0	0
fsh-generated/resources/ValueSet-HIV.B.DE317.json	1230	4	0	0	0	0	0	0	0	6	0	0	0	0	0	0	0	0	0	0	15	38	0	0	0	0	0	0	0
fsh-generated/resources/ValueSet-HIV.B.DE325.json	1028	4	0	0	0	0	0	0	0	5	0	0	0	0	0	0	0	0	0	0	14	35	0	0	0	0	0	0	0
fsh-generated/resources/ValueSet-HIV.B.DE33.json	1032	4	0	0	0	0	0	0	0	6	0	0	0	0	0	0	0	0	0	0	14	39	0	0	0	0	0	0	0
fsh-generated/resources/ValueSet-HIV.B.DE37.json	1357	4	0	0	0	0	0	0	0	5	0	0	0	0	0	0	0	0	0	0	15	47	0	0	0	0	0	0	0
fsh-generated/resources/ValueSet-HIV.B.DE44.json	1033	4	0	0	0	0	0	0	0	6	0	0	0	0	0	0	0	0	0	0	14	35	0	0	0	0	0	0	0
fsh-generated/resources/ValueSet-HIV.B.DE5.json	1100	4	0	0	0	0	0	0	0	6	0	0	0	0	0	0	0	0	0	0	14	34	0	0	0	0	1	0	0
fsh-generated/resources/ValueSet-HIV.B.DE50.json	1325	4	0	0	1	0	0	0	0	6	0	0	0	0	0	0	0	0	0	0	17	38	0	0	0	0	0	0	0
fsh-generated/resources/ValueSet-HIV.B.DE61.json	1060	4	0	0	0	0	0	0	0	7	0	0	0	0	0	0	0	0	0	0	14	32	0	0	0	0	0	0	0
fsh-generated/resources/ValueSet-HIV.B.DE66.json	810	4	0	0	0	0	0	0	0	5	0	0	0	0	0	0	0	0	0	0	14	25	0	0	0	0	0	0	0
fsh-generated/resources/ValueSet-HIV.B.DE68.json	895	4	0	0	0	0	0	0	0	6	0	0	0	0	0	0	0	0	0	0	15	31	0	0	0	0	0	0	0
fsh-generated/resources/ValueSet-HIV.B.DE74.json	1205	4	0	0	0	0	0	0	1	7	0	0	0	0	0	0	0	0	0	0	14	38	0	0	0	0	0	0	0
fsh-generated/resources/ValueSet-HIV.B.DE8.json	1227	4	0	0	0	0	0	0	0	6	0	0	0	0	0	0	0	0	0	0	16	36	0	0	0	0	1	1	0
fsh-generated/resources/ValueSet-HIV.B.DE81.json	1264	4	0	0	0	0	0	0	0	7	0	0	0	0	0	0	0	0	0	0	15	37	0	0	0	0	0	0	0
fsh-generated/resources/ValueSet-HIV.B.DE88.json	1246	4	0	0	1	0	0	0	0	6	0	0	0	0	0	0	0	0	0	0	15	38	0	0	0	0	0	0	0
fsh-generated/resources/ValueSet-HIV.B.DE94.json	1043	5	0	0	0	0	0	0	0	6	0	0	0	0	0	0	0	0	0	0	15	30	0	0	0	0	0	0	0
fsh-generated/resources/ValueSet-HIV.B.DE98.json	1046	4	0	0	0	0	0	0	0	7	0	0	0	0	0	0	0	0	0	0	14	31	0	0	0	0	0	0	0
fsh-generated/resources/ValueSet-HIV.C.DE1.json	1290	4	0	0	0	0	0	0	0	6	0	0	0	0	0	0	0	0	0	0	16	39	0	0	0	0	0	0	0
fsh-generated/resources/ValueSet-HIV.C.DE101.json	1099	4	0	0	0	0	0	0	0	6	0	0	0	0	0	0	0	0	0	0	14	37	0	0	0	0	1	0	0
fsh-generated/resources/ValueSet-HIV.C.DE107.json	1222	4	0	0	0	0	0	0	0	6	0	0	0	0	0	0	0	0	0	0	15	30	0	0	0	0	0	0	1
fsh-generated/resources/ValueSet-HIV.C.DE11.json	1088	4	0	0	0	0	0	0	0	6	0	0	0	0	0	0	0	0	0	0	14	37	0	0	0	0	0	0	0
fsh-generated/resources/ValueSet-HIV.C.DE112.json	1526	4	0	0	1	0	0	0	0	6	0	0	0	0	0	0	0	0	0	0	16	40	0	0	0	0	0	0	0
fsh-generated/resources/ValueSet-HIV.C.DE122.json	791	4	0	0	0	0	0	0	0	5	0	0	0	0	0	0	0	0	0	0	13	25	0	0	0	0	0	0	0
fsh-generated/resources/ValueSet-HIV.C.DE125.json	1070	4	0	0	0	0	0	0	0	5	0	0	0	0	0	0	0	0	0	0	14	30	0	0	0	0	1	0	0
fsh-generated/resources/ValueSet-HIV.C.DE131.json	1311	4	0	0	0	0	0	0	0	6	0	0	0	0	0	0	0	0	0	0	15	36	0	0	0	0	0	0	0
fsh-generated/resources/ValueSet-HIV.C.DE138.json	921	4	0	0	0	0	0	0	1	6	0	0	0	0	0	0	0	0	0	0	14	30	0	0	0	0	0	0	0
fsh-generated/resources/ValueSet-HIV.C.DE143.json	1310	4	0	0	0	0	0	0	0	6	0	0	0	0	0	0	0	0	0	0	17	34	0	0	0	0	0	0	0
fsh-generated/resources/ValueSet-HIV.C.DE149.json	1512	4	0	0	1	0	0	0	0	5	0	0	0	0	0	0	0	0	0	0	16	38	0	0	0	0	0	0	0
fsh-generated/resources/ValueSet-HIV.C.DE157.json	1679	4	0	0	0	0	0	0	0	8	0	0	0	0	0	0	0	0	0	0	16	40	0	0	0	0	1	0	0
fsh-generated/resources/ValueSet-HIV.C.DE164.json	1382	4	0	0	0	0	0	0	0	6	0	0	0	0	0	0	0	0	0	0	16	32	0	0	0	0	0	0	0
fsh-generated/resources/ValueSet-HIV.C.DE17.json	1330	4	0	0	0	0	0	0	0	6	0	0	0	0	0	0	0	0	0	0	15	37	0	0	0	0	0	0	0
fsh-generated/resources/ValueSet-HIV.C.DE24.json	1069	4	0	0	0	0	0	0	0	5	0	0	0	0	0	0	0	0	0	0	14	32	0	0	0	0	0	0	0
fsh-generated/resources/ValueSet-HIV.C.DE31.json	966	4	0	0	0	0	0	0	0	6	0	0	0	0	0	0	0	0	0	0	15	30	0	0	0	0	0	0	0
fsh-generated/resources/ValueSet-HIV.C.DE36.json	1308	4	0	0	0	0	0	0	0	5	0	0	0	0	0	0	0	0	0	0	17	35	0	0	0	0	1	0	0
fsh-generated/resources/ValueSet-HIV.C.DE41.json	1290	4	0	0	1	0	0	0	0	6	0	0	0	0	0	0	0	0	0	0	14	36	0	0	0	0	0	0	0
fsh-generated/resources/ValueSet-HIV.C.DE46.json	1500	5	0	0	0	0	0	0	0	6	0	0	0	0	0	0	0	0	0	0	17	44	0	0	0	0	0	0	0
fsh-generated/resources/ValueSet-HIV.C.DE55.json	1395	4	0	0	0	0	0	0	0	6	0	0	0	0	0	0	0	0	0	0	17	38	0	0	0	0	0	0	0
fsh-generated/resources/ValueSet-HIV.C.DE63.json	1570	4	0	0	0	0	0	0	0	6	0	0	0	0	0	0	0	0	0	0	16	42	0	0	0	0	0	0	0
fsh-generated/resources/ValueSet-HIV.C.DE75.json	1042	4	0	0	0	0	0	0	1	6	0	0	0	0	0	0	0	0	0	0	14	34	0	0	0	0	1	0	0
fsh-generated/resources/ValueSet-HIV.C.DE80.json	1133	4	0	0	0	0	0	0	0	5	0	0	0	0	0	0	0	0	0	0	15	37	0	0	0	0	0	0	0
fsh-generated/resources/ValueSet-HIV.C.DE91.json	1024	4	0	0	0	0	0	0	0	6	0	0	0	0	0	0	0	0	0	0	15	35	0	0	0	0	0	0	0
fsh-generated/resources/ValueSet-HIV.C.DE95.json	1028	4	0	0	1	0	0	0	0	5	0	0	0	0	0	0	0	0	0	0	15	32	0	0	0	0	0	0	0
fsh-generated/resources/ValueSet-HIV.C.DE99.json	819	4	0	0	0	0	0	0	0	6	0	0	0	0	0	0	0	0	0	0	15	26	0	0	0	0	0	0	0
fsh-generated/resources/ValueSet-HIV.Config.DE12.json	1176	4	0	0	0	0	0	0	0	6	0	0	0	0	0	0	0	0	0	0	16	28	0	0	0	0	0	0	0
fsh-generated/resources/ValueSet-HIV.Config.DE19.json	867	4	0	0	0	0	0	0	0	5	0	0	0	0	0	0	0	0	0	0	14	23	0	0	0	0	0	0	0
fsh-generated/resources/ValueSet-HIV.D.DE1.json	1449	4	0	0	0	0	0	0	0	6	0	0	0	0	0	0	0	0	0	0	16	36	0	0	0	0	1	0	0
fsh-generated/resources/ValueSet-HIV.D.DE1002.json	1340	4	0	0	0	0	0	0	0	7	0	0	0	0	0	0	0	0	0	0	16	38	0	0	0	0	0	0	0
fsh-generated/resources/ValueSet-HIV.D.DE1010.json	1344	4	0	0	1	0	0	0	0	6	0	0	0	0	0	0	0	0	0	0	16	38	0	0	0	0	0	0	0
fsh-generated/resources/ValueSet-HIV.D.DE1019.json	1048	4	0	0	0	0	0	0	0	6	0	0	0	0	0	0	0	0	0	0	15	29	0	0	0	0	0	0	0
fsh-generated/resources/ValueSet-HIV.D.DE1028.json	1264	4	0	0	0	0	0	0	0	7	0	0	0	0	0	0	0	0	0	0	15	33	0	0	0	0	0	0	0
fsh-generated/resources/ValueSet-HIV.D.DE1034.json	1274	5	0	0	0	0	0	0	0	7	0	0	0	0	0	0	0	0	0	0	18	34	0	0	0	0	1	0	0
fsh-generated/resources/ValueSet-HIV.D.DE128.json	2271	4	0	0	0	0	0	0	1	8	0	0	0	0	0	0	0	0	0	0	18	54	0	0	0	0	0	0	0
fsh-generated/resources/ValueSet-HIV.D.DE146.json	1187	4	0	0	0	0	0	0	0	6	0	0	0	0	0	0	0	0	0	0	16	33	0	0	0	0	0	0	0
fsh-generated/resources/ValueSet-HIV.D.DE152.json	1173	4	0	0	0	0	0	0	0	6	0	0	0	0	0	0	0	0	0	0	17	29	0	0	0	0	0	0	0
fsh-generated/resources/ValueSet-HIV.D.DE156.json	1254	4	0	0	1	0	0	0	0	6	0	0	0	0	0	0	0	0	0	0	15	35	0	0	0	0	1	0	0
fsh-generated/resources/ValueSet-HIV.D.DE162.json	1022	4	0	0	0	0	0	0	0	6	0	0	0	0	0	0	0	0	0	0	14	29	0	0	0	0	0	0	0
fsh-generated/resources/ValueSet-HIV.D.DE168.json	815	4	0	0	0	0	0	0	0	5	0	0	0	0	0	0	0	0	0	0	14	21	0	0	0	0	0	0	0
fsh-generated/resources/ValueSet-HIV.D.DE17.json	2009	5	0	0	0	0	0	0	0	7	0	0	0	0	0	0	0	0	0	0	22	50	0	0	0	0	0	0	0
fsh-generated/resources/ValueSet-HIV.D.DE170.json	1056	4	0	0	0	0	0	0	0	5	0	0	0	0	0	0	0	0	0	0	16	32	0	0	0	0	0	0	0
fsh-generated/resources/ValueSet-HIV.D.DE177.json	815	4	0	0	0	0	0	0	0	5	0	0	0	0	0	0	0	0	0	0	14	23	0	0	0	0	0	0	0
fsh-generated/resources/ValueSet-HIV.D.DE179.json	947	4	0	0	0	0	0	0	0	6	0	0	0	0	0	0	0	0	0	0	15	27	0	0	0	0	1	0	0
fsh-generated/resources/ValueSet-HIV.D.DE182.json	941	4	0	0	0	0	0	0	0	6	0	0	0	0	0	0	0	1	0	0	14	28	0	0	0	0	0	0	0
fsh-generated/resources/ValueSet-HIV.D.DE186.json	1432	4	0	0	1	0	0	0	0	6	0	0	0	0	0	0	0	0	0	0	16	48	0	0	0	0	0	0	0
fsh-generated/resources/ValueSet-HIV.D.DE197.json	2553	4	0	0	0	0	0	0	1	6	0	0	0	0	0	0	0	0	0	0	21	399	0	0	0	0	0	0	0
fsh-generated/resources/ValueSet-HIV.D.DE217.json	1406	4	0	0	0	0	0	0	0	7	0	0	0	0	0	0	0	0	0	0	18	32	0	0	0	0	0	0	0
fsh-generated/resources/ValueSet-HIV.D.DE225.json	1033	4	0	0	0	0	0	0	0	5	0	0	0	0	0	0	0	0	0	0	16	27	0	0	0	0	1	0	0
fsh-generated/resources/ValueSet-HIV.D.DE229.json	2872	5	0	0	0	0	0	0	0	7	0	0	0	0	0	0	0	0	0	0	21	50	0	0	0	0	0	0	0
fsh-generated/resources/ValueSet-HIV.D.DE247.json	2141	4	0	0	0	0	0	0	0	7	0	0	0	0	0	0	0	0	0	0	18	51	0	0	0	0	0	0	0
fsh-generated/resources/ValueSet-HIV.D.DE259.json	3721	4	0	0	1	0	0	0	0	8	0	0	0	0	0	0	0	0	0	0	25	86	0	0	0	0	1	0	0
fsh-generated/resources/ValueSet-HIV.D.DE289.json	9483	4	0	0	0	0	0	0	1	14	0	0	0	0	0	0	0	0	0	0	44	144	0	0	0	0	1	0	0
fsh-generated/resources/ValueSet-HIV.D.DE358.json	1207	4	0	0	0	0	0	0	0	6	0	0	0	0	0	0	0	0	0	0	18	31	0	0	0	0	0	0	0
fsh-generated/resources/ValueSet-HIV.D.DE370.json	1980	4	0	0	0	0	0	0	0	7	0	0	0	0	0	0	0	0	0	0	18	42	0	0	0	0	0	0	0
fsh-generated/resources/ValueSet-HIV.D.DE383.json	1098	5	0	0	0	0	0	0	0	7	0	0	0	0	0	0	0	0	0	0	15	27	0	0	0	0	0	0	0
fsh-generated/resources/ValueSet-HIV.D.DE391.json	1341	4	0	0	0	0	0	0	0	6	0	0	0	0	0	0	0	0	0	0	16	30	0	0	0	0	1	0	0
fsh-generated/resources/ValueSet-HIV.D.DE399.json	2199	4	0	0	0	0	0	0	0	6	0	0	0	0	0	0	0	0	0	0	18	49	0	0	0	0	0	0	0
fsh-generated/resources/ValueSet-HIV.D.DE418.json	1527	5	0	0	1	0	0	0	0	6	0	0	0	0	0	0	0	0	0	0	16	41	0	0	0	0	0	0	0
fsh-generated/resources/ValueSet-HIV.D.DE43.json	950	4	0	0	0	0	0	0	0	6	0	0	0	0	0	0	0	0	0	0	15	28	0	0	0	0	0	0	0
fsh-generated/resources/ValueSet-HIV.D.DE430.json	1184	4	0	0	0	0	0	0	0	6	0	0	0	0	0	0	0	0	0	0	15	30	0	0	0	0	1	0	0
fsh-generated/resources/ValueSet-HIV.D.DE444.json	775	4	0	0	0	0	0	0	0	5	0	0	0	0	0	0	0	0	0	0	14	22	0	0	0	0	0	0	0
fsh-generated/resources/ValueSet-HIV.D.DE446.json	971	4	0	0	0	0	0	0	0	6	0	0	0	0	0	0	0	0	0	0	14	28	0	0	0	0	0	0	0
fsh-generated/resources/ValueSet-HIV.D.DE449.json	1232	4	0	0	0	0	0	0	1	6	0	0	0	0	0	0	0	0	0	0	16	31	0	0	0	0	0	0	0
fsh-generated/resources/ValueSet-HIV.D.DE457.json	1128	4	0	0	0	0	0	0	0	5	0	0	0	0	0	0	0	0	0	0	16	29	0	0	0	0	0	0	0
fsh-generated/resources/ValueSet-HIV.D.DE461.json	1097	5	0	0	0	0	0	0	0	7	0	0	0	0	0	0	0	0	0	0	16	30	0	0	0	0	0	0	0
fsh-generated/resources/ValueSet-HIV.D.DE466.json	2444	4	0	0	1	0	0	0	0	6	0	0	0	0	0	0	0	0	0	0	19	48	0	0	0	0	1	0	0
fsh-generated/resources/ValueSet-HIV.D.DE482.json	935	4	0	0	0	0	0	0	0	5	0	0	0	0	0	0	0	0	0	0	15	21	0	0	0	0	0	0	0
fsh-generated/resources/ValueSet-HIV.D.DE483.json	950	4	0	0	0	0	0	0	0	5	0	0	0	0	0	0	0	0	0	0	14	23	0	0	0	0	0	0	0
fsh-generated/resources/ValueSet-HIV.D.DE485.json	827	4	0	0	0	0	0	0	0	5	0	0	0	0	0	0	0	0	0	0	13	28	0	0	0	0	0	0	0
fsh-generated/resources/ValueSet-HIV.D.DE486.json	934	4	0	0	0	0	0	0	0	5	0	0	0	0	0	0	0	0	0	0	14	25	0	0	0	0	0	0	0
fsh-generated/resources/ValueSet-HIV.D.DE488.json	905	4	0	0	1	0	0	0	0	5	0	0	0	0	0	0	0	0	0	0	15	22	0	0	0	0	0	0	0
fsh-generated/resources/ValueSet-HIV.D.DE489.json	925	4	0	0	0	0	0	0	0	5	0	0	0	0	0	0	0	0	0	0	15	24	0	0	0	0	0	0	0
fsh-generated/resources/ValueSet-HIV.D.DE491.json	824	4	0	0	0	0	0	0	0	5	0	0	0	0	0	0	0	0	0	0	13	23	0	0	0	0	1	0	0
fsh-generated/resources/ValueSet-HIV.D.DE492.json	943	4	0	0	0	0	0	0	0	5	0	0	0	0	0	0	0	0	0	0	14	21	0	0	0	0	0	0	0
fsh-generated/resources/ValueSet-HIV.D.DE494.json	902	5	0	0	0	0	0	0	0	5	0	0	0	0	0	0	0	0	0	0	13	24	0	0	0	0	0	0	0
fsh-generated/resources/ValueSet-HIV.D.DE495.json	921	4	0	0	0	0	0	0	0	5	0	0	0	0	0	0	0	0	0	0	15	24	0	0	0	0	0	0	0
fsh-generated/resources/ValueSet-HIV.D.DE514.json	646	4	0	0	0	0	0	0	0	5	0	0	0	0	0	0	0	0	0	0	12	22	0	0	0	0	0	0	0
fsh-generated/resources/ValueSet-HIV.D.DE519.json	1253	4	0	0	1	0	0	0	0	6	0	0	0	0	0	0	0	0	0	0	16	34	0	0	0	0	0	0	0
fsh-generated/resources/ValueSet-HIV.D.DE52.json	784	4	0	0	0	0	0	0	0	5	0	0	0	0	0	0	0	0	0	0	13	21	0	0	0	0	0	0	0
fsh-generated/resources/ValueSet-HIV.D.DE525.json	1303	4	0	0	0	0	0	0	1	6	0	0	0	0	0	0	0	0	0	0	16	32	0	0	0	0	1	0	0
fsh-generated/resources/ValueSet-HIV.D.DE532.json	1000	5	0	0	0	0	0	0	0	7	0	0	0	0	0	0	0	0	0	0	15	31	0	0	0	0	0	0	0
fsh-generated/resources/ValueSet-HIV.D.DE537.json	2933	4	0	0	0	0	0	0	0	7	0	0	0	0	0	0	0	0	0	0	21	63	0	0	0	0	0	0	0
fsh-generated/resources/ValueSet-HIV.D.DE55.json	808	4	0	0	0	0	0	0	0	5	0	0	0	0	0	0	0	0	0	0	14	21	0	0	0	0	0	0	0
fsh-generated/resources/ValueSet-HIV.D.DE56.json	1413	4	0	0	0	0	0	0	0	9	0	0	0	0	0	0	0	0	0	0	16	42	0	0	0	0	0	0	0
fsh-generated/resources/ValueSet-HIV.D.DE560.json	1489	4	0	0	0	0	0	0	0	10	0	0	0	0	0	0	0	0	0	0	17	38	0	0	0	0	1	0	0
fsh-generated/resources/ValueSet-HIV.D.DE569.json	3363	4	0	0	1	0	0	0	0	14	0	0	0	0	0	0	0	0	0	0	22	68	0	0	0	0	0	0	0
fsh-generated/resources/ValueSet-HIV.D.DE593.json	1522	4	0	0	0	0	0	0	0	8	0	0	0	0	0	0	0	0	0	0	17	39	0	0	0	0	0	0	0
fsh-generated/resources/ValueSet-HIV.D.DE603.json	798	5	0	0	0	0	0	0	0	5	0	0	0	0	0	0	0	0	0	0	13	22	0	0	0	0	0	0	0
fsh-generated/resources/ValueSet-HIV.D.DE604.json	769	4	0	0	0	0	0	0	0	5	0	0	0	0	0	0	0	0	0	0	14	21	0	0	0	0	1	0	0
fsh-generated/resources/ValueSet-HIV.D.DE606.json	1074	4	0	0	0	0	0	0	0	7	0	0	0	0	0	0	0	0	0	0	16	34	0	0	0	0	0	0	0
fsh-generated/resources/ValueSet-HIV.D.DE610.json	3252	4	0	0	0	0	0	0	1	14	0	0	0	0	0	0	0	0	0	0	23	82	0	0	0	0	0	0	0
fsh-generated/resources/ValueSet-HIV.D.DE63.json	876	4	0	0	0	0	0	0	0	6	0	0	0	0	0	0	0	0	0	0	13	23	0	0	0	0	0	0	1
fsh-generated/resources/ValueSet-HIV.D.DE636.json	1276	5	0	0	0	0	0	0	0	7	0	0	0	0	0	0	0	0	0	0	15	38	0	0	0	0	1	0	0
fsh-generated/resources/ValueSet-HIV.D.DE64.json	825	4	0	0	0	0	0	0	0	5	0	0	0	0	0	0	0	0	0	0	13	22	0	0	0	0	0	0	0
fsh-generated/resources/ValueSet-HIV.D.DE646.json	1162	4	0	0	1	0	0	0	0	7	0	0	0	0	0	0	0	0	0	0	14	32	0	0	0	0	0	0	0
fsh-generated/resources/ValueSet-HIV.D.DE65.json	1526	4	0	0	0	0	0	0	0	6	0	0	0	0	0	0	0	0	0	0	18	38	0	0	0	0	0	0	0
fsh-generated/resources/ValueSet-HIV.D.DE658.json	1164	4	0	0	0	0	0	0	0	6	0	0	0	0	0	0	0	0	0	0	15	33	0	0	0	0	0	0	0
fsh-generated/resources/ValueSet-HIV.D.DE664.json	1052	5	0	0	0	0	0	0	0	6	0	0	0	0	0	0	0	0	0	0	14	30	0	0	0	0	0	0	0
fsh-generated/resources/ValueSet-HIV.D.DE668.json	1134	4	0	0	0	0	0	0	0	5	0	0	0	0	0	0	0	0	0	0	15	35	0	0	0	0	1	0	0
fsh-generated/resources/ValueSet-HIV.D.DE673.json	1315	4	0	0	0	0	0	0	0	6	0	0	0	0	0	0	0	0	0	0	15	37	0	0	0	0	0	0	0
fsh-generated/resources/ValueSet-HIV.D.DE681.json	1225	4	0	0	0	0	0	0	0	7	0	0	1	0	0	0	0	0	0	0	16	35	0	0	0	0	0	0	0
fsh-generated/resources/ValueSet-HIV.D.DE688.json	919	4	0	0	0	0	0	0	0	5	0	0	0	0	0	0	0	0	0	0	13	27	0	0	0	0	0	0	0
fsh-generated/resources/ValueSet-HIV.D.DE691.json	1307	4	0	0	0	0	0	0	1	6	0	0	0	0	0	0	0	0	0	0	15	33	0	0	0	0	0	0	0
fsh-generated/resources/ValueSet-HIV.D.DE697.json	1203	5	0	0	0	0	0	0	0	6	0	0	0	0	0	0	0	0	0	0	15	32	0	0	0	0	0	0	0
fsh-generated/resources/ValueSet-HIV.D.DE706.json	1010	4	0	0	0	0	0	0	0	6	0	0	0	0	0	0	0	0	0	0	14	26	0	0	0	0	1	0	0
fsh-generated/resources/ValueSet-HIV.D.DE709.json	961	4	0	0	1	0	0	0	0	5	0	0	0	0	0	0	0	0	0	0	15	29	0	0	0	0	0	0	0
fsh-generated/resources/ValueSet-HIV.D.DE712.json	1237	4	0	0	0	0	0	0	0	6	0	0	0	0	0	0	0	0	0	0	16	32	0	0	0	0	0	0	0
fsh-generated/resources/ValueSet-HIV.D.DE719.json	1453	4	0	0	0	0	0	0	0	6	0	0	0	0	0	0	0	0	0	0	16	36	0	0	0	0	0	0	0
fsh-generated/resources/ValueSet-HIV.D.DE731.json	1567	4	0	0	0	0	0	0	0	7	0	0	0	0	0	0	0	0	0	0	34	38	0	0	0	0	0	0	0
fsh-generated/resources/ValueSet-HIV.D.DE74.json	830	4	0	0	0	0	0	0	0	5	0	0	0	0	0	0	0	0	0	0	14	22	0	0	0	0	0	0	0
fsh-generated/resources/ValueSet-HIV.D.DE746.json	1512	4	0	0	0	0	0	0	0	6	0	0	0	0	0	0	0	0	0	0	17	35	0	0	0	0	1	0	0
fsh-generated/resources/ValueSet-HIV.D.DE75.json	856	4	0	0	0	0	0	0	0	6	0	0	0	0	0	0	0	0	0	0	15	30	0	0	0	0	0	0	0
fsh-generated/resources/ValueSet-HIV.D.DE753.json	1673	4	0	0	0	0	0	0	0	6	0	0	0	0	0	0	0	0	0	0	17	40	0	0	0	0	0	0	0
fsh-generated/resources/ValueSet-HIV.D.DE764.json	1441	4	0	0	0	0	0	0	0	6	0	0	0	0	0	0	0	0	0	0	15	39	0	0	0	0	0	0	0
fsh-generated/resources/ValueSet-HIV.D.DE77.json	856	4	0	0	0	0	0	0	0	5	0	0	0	0	0	0	0	0	0	0	14	21	0	0	0	0	0	0	0
fsh-generated/resources/ValueSet-HIV.D.DE778.json	1493	4	0	0	1	0	0	0	1	6	0	0	0	0	0	0	0	0	0	0	16	38	0	0	0	0	1	0	0
fsh-generated/resources/ValueSet-HIV.D.DE78.json	862	4	0	0	0	0	0	0	0	5	0	0	0	0	0	0	0	0	0	0	14	20	0	0	0	0	0	0	0
fsh-generated/resources/ValueSet-HIV.D.DE789.json	1767	5	0	0	0	0	0	0	0	7	0	0	0	0	0	0	0	0	0	0	17	44	0	0	0	0	0	0	0
fsh-generated/resources/ValueSet-HIV.D.DE79.json	934	4	0	0	0	0	0	0	0	5	0	0	0	0	0	0	0	0	0	0	13	20	0	0	0	0	0	0	0
fsh-generated/resources/ValueSet-HIV.D.DE80.json	849	4	0	0	0	0	0	0	0	5	0	0	0	0	0	0	0	0	0	0	14	20	0	0	0	0	0	0	0
fsh-generated/resources/ValueSet-HIV.D.DE802.json	1012	4	0	0	0	0	0	0	0	6	0	0	0	0	0	0	0	0	0	0	14	28	0	0	0	0	0	0	0
fsh-generated/resources/ValueSet-HIV.D.DE808.json	1016	4	0	0	0	0	0	0	0	6	0	0	0	0	0	0	0	0	0	0	16	29	0	0	0	0	1	0	0
fsh-generated/resources/ValueSet-HIV.D.DE81.json	874	4	0	0	0	0	0	0	0	5	0	0	0	0	0	0	0	0	0	0	15	20	0	0	0	0	0	0	0
fsh-generated/resources/ValueSet-HIV.D.DE813.json	1318	4	0	0	0	0	0	0	0	6	0	0	0	0	0	0	0	0	0	0	15	36	0	0	0	0	0	0	0
fsh-generated/resources/ValueSet-HIV.D.DE82.json	901	4	0	0	1	0	0	0	0	5	0	0	0	0	0	0	0	0	0	0	14	20	0	0	0	0	0	0	0
fsh-generated/resources/ValueSet-HIV.D.DE821.json	1232	4	0	0	0	0	0	0	0	6	0	0	0	0	0	0	0	1	0	0	16	32	0	0	0	0	0	0	0
fsh-generated/resources/ValueSet-HIV.D.DE828.json	1230	4	0	0	0	0	0	0	0	6	0	0	0	0	0	0	0	0	0	0	15	34	0	0	0	0	0	0	0
fsh-generated/resources/ValueSet-HIV.D.DE83.json	1543	4	0	0	0	0	0	0	0	5	0	0	0	0	0	0	0	0	0	0	22	34	0	0	0	0	1	0	0
fsh-generated/resources/ValueSet-HIV.D.DE836.json	1321	4	0	0	0	0	0	0	0	6	0	0	0	0	0	0	0	0	0	0	17	35	0	0	0	0	0	0	0
fsh-generated/resources/ValueSet-HIV.D.DE845.json	1230	4	0	0	0	0	0	0	1	6	0	0	0	0	0	0	0	0	0	0	15	36	0	0	0	0	0	0	0
fsh-generated/resources/ValueSet-HIV.D.DE853.json	1056	4	0	0	0	0	0	0	0	6	0	0	0	0	0	0	0	0	0	0	15	31	0	0	0	0	0	0	0
fsh-generated/resources/ValueSet-HIV.D.DE858.json	1043	4	0	0	0	0	0	0	0	5	0	0	0	0	0	0	0	0	0	0	15	29	0	0	0	0	0	0	0
fsh-generated/resources/ValueSet-HIV.D.DE864.json	1002	4	0	0	0	0	0	0	0	5	0	0	0	0	0	0	0	0	0	0	22	34	0	0	0	0	0	0	0
fsh-generated/resources/ValueSet-HIV.D.DE869.json	1230	4	0	0	0	0	0	0	0	6	0	0	0	0	0	0	0	0	0	0	15	44	0	0	0	0	1	0	0
fsh-generated/resources/ValueSet-HIV.D.DE877.json	1028	4	0	0	1	0	0	0	0	6	0	0	0	0	0	0	0	0	0	0	15	33	0	0	0	0	0	0	0
fsh-generated/resources/ValueSet-HIV.D.DE893.json	971	5	0	0	0	0	0	0	0	5	0	0	0	0	0	0	0	0	0	0	15	26	0	0	0	0	0	0	0
fsh-generated/resources/ValueSet-HIV.D.DE897.json	1185	4	0	0	0	0	0	0	0	6	0	0	0	0	0	0	0	0	0	0	15	30	0	0	0	0	0	0	0
fsh-generated/resources/ValueSet-HIV.D.DE90.json	4378	4	0	0	0	0	0	0	0	7	0	0	0	0	0	0	0	0	0	0	29	101	0	0	0	0	1	0	0
fsh-generated/resources/ValueSet-HIV.D.DE903.json	3609	4	0	0	0	0	0	0	1	8	0	0	0	0	0	0	0	0	0	0	25	81	0	0	0	0	0	0	0
fsh-generated/resources/ValueSet-HIV.D.DE934.json	1128	4	0	0	0	0	0	0	0	6	0	0	0	0	0	0	0	0	0	0	18	28	0	0	0	0	0	0	0
fsh-generated/resources/ValueSet-HIV.D.DE939.json	965	4	0	0	0	0	0	0	0	6	0	0	0	0	0	0	0	0	0	0	16	27	0	0	0	0	0	0	0
fsh-generated/resources/ValueSet-HIV.D.DE942.json	957	4	0	0	0	0	0	0	0	5	0	0	0	0	0	0	0	0	0	0	16	32	0	0	0	0	1	0	0
fsh-generated/resources/ValueSet-HIV.D.DE947.json	1109	4	0	0	0	0	0	0	0	6	0	0	0	0	0	0	0	0	0	0	17	31	0	0	0	0	0	0	0
fsh-generated/resources/ValueSet-HIV.D.DE956.json	2486	5	0	0	1	0	0	0	0	7	0	0	0	0	0	0	0	0	0	0	21	53	0	0	0	0	0	0	0
fsh-generated/resources/ValueSet-HIV.D.DE973.json	1899	4	0	0	0	0	0	0	0	6	0	0	0	0	0	0	0	0	0	0	19	48	0	0	0	0	0	0	0
fsh-generated/resources/ValueSet-HIV.D.DE986.json	1066	4	0	0	0	0	0	0	0	6	0	0	0	0	0	0	0	0	0	0	17	29	0	0	0	0	1	0	0
fsh-generated/resources/ValueSet-HIV.D.DE992.json	1200	4	0	0	0	0	0	0	0	6	0	0	0	0	0	0	0	0	0	0	16	32	0	0	0	0	0	0	0
fsh-generated/resources/ValueSet-HIV.E.DE104.json	1061	4	0	0	0	0	0	0	0	6	0	0	0	0	0	0	0	0	0	0	15	34	0	0	0	0	0	0	0
fsh-generated/resources/ValueSet-HIV.E.DE108.json	1094	4	0	0	0	0	0	0	0	6	0	0	0	0	0	0	0	0	0	0	16	31	0	0	0	0	0	0	0
fsh-generated/resources/ValueSet-HIV.E.DE114.json	1230	4	0	0	0	0	0	0	0	6	0	0	0	0	0	0	0	0	0	0	14	35	0	0	0	0	0	0	0
fsh-generated/resources/ValueSet-HIV.E.DE127.json	1042	4	0	0	0	0	0	0	0	6	0	0	0	0	0	0	0	0	0	0	15	31	0	0	0	0	0	0	0
fsh-generated/resources/ValueSet-HIV.E.DE136.json	970	4	0	0	0	0	0	0	1	5	0	0	0	0	0	0	0	0	0	0	15	30	0	0	0	0	1	0	0
fsh-generated/resources/ValueSet-HIV.E.DE141.json	1026	4	0	0	1	0	0	0	0	6	0	0	0	0	0	0	0	0	0	0	14	31	0	0	0	0	0	0	0
fsh-generated/resources/ValueSet-HIV.E.DE145.json	1064	4	0	0	0	0	0	0	0	6	0	0	0	0	0	0	0	0	0	0	14	28	0	0	0	0	0	0	0
fsh-generated/resources/ValueSet-HIV.E.DE149.json	1030	5	0	0	0	0	0	0	0	7	0	0	0	0	0	0	0	0	0	0	15	33	0	0	0	0	0	0	0
fsh-generated/resources/ValueSet-HIV.E.DE155.json	1315	4	0	0	0	0	0	0	0	6	0	0	0	0	0	0	0	0	0	0	18	29	0	0	0	0	0	0	0
fsh-generated/resources/ValueSet-HIV.E.DE168.json	1173	4	0	0	0	0	0	0	0	6	0	0	0	0	0	0	0	0	0	0	15	31	0	0	0	0	1	0	0
fsh-generated/resources/ValueSet-HIV.E.DE17.json	2594	4	0	0	0	0	0	0	0	7	0	0	0	0	0	0	0	0	0	0	21	62	0	0	0	0	0	0	0
fsh-generated/resources/ValueSet-HIV.E.DE173.json	1121	4	0	0	0	0	0	0	0	6	0	0	0	0	0	0	0	0	0	0	16	29	0	0	0	0	0	0	0
fsh-generated/resources/ValueSet-HIV.E.DE180.json	936	4	0	0	0	0	0	0	0	6	0	0	0	0	0	0	0	0	0	0	15	27	0	0	0	0	0	0	0
fsh-generated/resources/ValueSet-HIV.E.DE183.json	968	4	0	0	0	0	0	0	0	6	0	0	0	0	0	0	0	0	0	0	16	28	0	0	0	0	0	0	0
fsh-generated/resources/ValueSet-HIV.E.DE186.json	1045	4	0	0	1	0	0	0	0	6	0	0	0	0	0	0	0	0	0	0	16	30	0	0	0	0	1	0	0
fsh-generated/resources/ValueSet-HIV.E.DE190.json	1045	4	0	0	0	0	0	0	0	5	0	0	0	0	0	0	0	0	0	0	16	30	0	0	0	0	0	0	0
fsh-generated/resources/ValueSet-HIV.E.DE194.json	1359	4	0	0	0	0	0	0	0	6	0	0	0	0	0	0	0	0	0	0	18	36	0	0	0	0	0	0	0
fsh-generated/resources/ValueSet-HIV.E.DE200.json	1049	4	0	0	0	0	0	0	1	6	0	0	0	0	0	0	0	0	0	0	15	33	0	0	0	0	0	0	0
fsh-generated/resources/ValueSet-HIV.E.DE204.json	1050	4	0	0	0	0	0	0	0	6	0	0	0	0	0	0	0	0	0	0	16	31	0	0	0	0	0	0	0
fsh-generated/resources/ValueSet-HIV.E.DE208.json	1049	4	0	0	0	0	0	0	0	6	0	0	0	0	0	0	0	0	0	0	16	31	0	0	0	0	0	0	0
fsh-generated/resources/ValueSet-HIV.E.DE212.json	1067	5	0	0	0	0	0	0	0	6	0	0	0	0	0	0	0	0	0	0	15	30	0	0	0	0	1	0	0
fsh-generated/resources/ValueSet-HIV.E.DE216.json	1059	4	0	0	0	0	0	0	0	5	0	0	0	1	0	0	0	0	0	0	16	27	0	0	0	0	0	0	0
fsh-generated/resources/ValueSet-HIV.E.DE220.json	1077	4	0	0	1	0	0	0	0	6	0	0	0	0	0	0	0	0	0	0	15	28	0	0	0	0	0	0	0
fsh-generated/resources/ValueSet-HIV.E.DE225.json	1106	4	0	0	0	0	0	0	0	5	0	0	0	0	0	0	0	0	0	0	16	29	0	0	0	0	0	0	0
fsh-generated/resources/ValueSet-HIV.E.DE230.json	1157	4	0	0	0	0	0	0	0	6	0	0	0	0	0	0	0	0	0	0	15	32	0	0	0	0	0	0	0
fsh-generated/resources/ValueSet-HIV.E.DE234.json	1277	4	0	0	0	0	0	0	0	6	0	0	0	0	0	0	0	0	0	0	16	32	0	0	0	0	0	0	0
fsh-generated/resources/ValueSet-HIV.E.DE240.json	859	4	0	0	0	0	0	0	0	5	0	0	0	0	0	0	0	0	0	0	14	26	0	0	0	0	1	0	0
fsh-generated/resources/ValueSet-HIV.E.DE246.json	1451	4	0	0	0	0	0	0	0	6	0	0	0	0	0	0	0	0	0	0	16	40	0	0	0	0	0	0	0
fsh-generated/resources/ValueSet-HIV.E.DE255.json	1129	4	0	0	0	0	0	0	0	5	0	0	0	0	0	0	0	0	0	0	15	27	0	0	0	0	0	0	0
fsh-generated/resources/ValueSet-HIV.E.DE259.json	1113	4	0	0	0	0	0	0	0	6	0	0	0	0	0	0	0	0	0	0	18	32	0	0	0	0	0	0	0
fsh-generated/resources/ValueSet-HIV.E.DE264.json	1714	4	0	0	0	0	0	0	1	6	0	0	0	0	0	0	0	0	0	0	18	42	0	0	0	0	0	0	0
fsh-generated/resources/ValueSet-HIV.E.DE41.json	1144	4	0	0	0	0	0	0	0	5	0	0	0	0	0	0	0	0	0	0	15	31	0	0	0	0	1	0	0
fsh-generated/resources/ValueSet-HIV.E.DE47.json	1127	4	0	0	1	0	0	0	0	6	0	0	0	0	0	0	0	0	0	0	16	31	0	0	0	0	0	0	0
fsh-generated/resources/ValueSet-HIV.E.DE52.json	1080	4	0	0	0	0	0	0	0	6	0	0	0	0	0	0	0	0	0	0	15	63	0	0	0	0	0	0	0
fsh-generated/resources/ValueSet-HIV.E.DE6.json	1175	4	0	0	0	0	0	0	0	6	0	0	0	0	0	0	0	0	0	0	16	29	0	0	0	0	0	0	0
fsh-generated/resources/ValueSet-HIV.E.DE62.json	1094	4	0	0	0	0	0	0	0	5	0	0	0	0	0	0	0	0	0	0	15	28	0	0	0	0	0	0	0
fsh-generated/resources/ValueSet-HIV.E.DE67.json	1017	4	0	0	0	0	0	0	0	6	0	0	0	0	0	0	0	0	0	0	18	28	0	0	0	0	0	0	0
fsh-generated/resources/ValueSet-HIV.E.DE75.json	829	4	0	0	0	0	0	0	0	5	0	0	0	0	0	0	0	0	0	0	14	24	0	0	0	0	1	0	0
fsh-generated/resources/ValueSet-HIV.E.DE91.json	984	4	0	0	0	0	0	0	0	6	0	0	0	0	0	0	0	0	0	0	16	33	0	0	0	0	0	0	0
fsh-generated/resources/ValueSet-HIV.G.DE13.json	1128	4	0	0	0	0	0	0	0	6	0	0	0	0	0	0	0	0	0	0	16	28	0	0	0	0	0	0	0
fsh-generated/resources/ValueSet-HIV.G.DE18.json	1016	4	0	0	0	0	0	0	0	6	0	0	0	0	0	0	0	0	0	0	16	27	0	0	0	0	0	0	0
fsh-generated/resources/ValueSet-HIV.G.DE22.json	1339	4	0	0	0	0	0	0	0	6	0	0	0	0	0	0	0	0	0	0	17	33	0	0	0	0	0	0	0
fsh-generated/resources/ValueSet-HIV.G.DE29.json	939	4	0	0	1	0	0	0	0	5	0	0	0	0	0	0	0	0	0	0	14	28	0	0	0	0	1	0	0
fsh-generated/resources/ValueSet-HIV.G.DE35.json	1334	5	0	0	0	0	0	0	0	6	0	0	0	0	0	0	0	0	0	0	18	35	0	0	0	0	0	0	0
fsh-generated/resources/ValueSet-HIV.G.DE43.json	1050	4	0	0	0	0	0	0	0	6	0	0	0	0	0	0	0	0	0	0	16	31	0	0	0	0	0	0	1
fsh-generated/resources/ValueSet-HIV.G.DE48.json	942	4	0	0	0	0	0	0	1	6	0	0	0	0	0	0	0	0	0	0	14	29	0	0	0	0	0	0	0
fsh-generated/resources/ValueSet-HIV.G.DE51.json	939	4	0	0	0	0	0	0	0	5	0	0	0	0	0	0	0	0	0	0	14	28	0	0	0	0	0	0	0
fsh-generated/resources/ValueSet-HIV.G.DE55.json	1224	4	0	0	0	0	0	0	0	6	0	0	0	0	0	0	0	0	0	0	17	34	0	0	0	0	0	0	0
fsh-generated/resources/ValueSet-HIV.G.DE62.json	1328	4	0	0	0	0	0	0	0	6	0	0	0	0	0	0	0	0	0	0	16	32	0	0	0	0	1	0	0
fsh-generated/resources/ValueSet-HIV.G.DE70.json	1006	4	0	0	0	0	0	0	0	6	0	0	0	0	0	0	0	0	0	0	16	29	0	0	0	0	0	0	0
fsh-generated/resources/ValueSet-HIV.G.DE74.json	927	4	0	0	0	0	0	0	0	5	0	0	0	0	0	0	0	0	0	0	14	26	0	0	0	0	0	0	0
fsh-generated/resources/ValueSet-HIV.H.DE1.json	1472	4	0	0	1	0	0	0	0	7	0	0	0	0	0	0	0	0	0	0	18	53	0	0	0	0	0	0	0
fsh-generated/resources/ValueSet-HIV.H.DE13.json	1019	4	0	0	0	0	0	0	0	6	0	0	0	0	0	0	0	0	0	0	14	34	0	0	0	0	0	0	0
fsh-generated/resources/ValueSet-HIV.H.DE17.json	1169	4	0	0	0	0	0	0	0	6	0	0	0	0	0	0	0	0	0	0	16	38	0	0	0	0	1	0	0
fsh-generated/resources/ValueSet-HIV.H.DE23.json	1365	4	0	0	0	0	0	0	0	6	0	0	0	0	0	0	0	0	0	0	17	35	0	0	0	0	0	0	0
fsh-generated/resources/ValueSet-HIV.H.DE34.json	1069	4	0	0	0	0	0	0	0	6	0	0	0	0	0	0	0	0	0	0	16	35	0	0	0	0	0	0	0
fsh-generated/resources/ValueSet-HIV.H.DE41.json	1191	5	0	0	0	0	0	0	0	7	0	0	0	0	0	0	0	0	0	0	17	35	0	0	0	0	0	0	0
fsh-generated/resources/ValueSet-HIV.H.DE50.json	852	4	0	0	0	0	0	0	0	6	0	0	0	0	0	0	0	0	0	0	15	26	0	0	0	0	0	0	0
fsh-generated/resources/ValueSet-HIV.H.DE53.json	2507	4	0	0	0	0	0	0	1	8	0	0	0	0	0	0	0	0	0	0	23	72	0	0	0	0	1	0	0
fsh-generated/resources/ValueSet-HIV.H.DE74.json	1401	4	0	0	0	0	0	0	0	7	0	0	0	0	0	0	0	0	0	0	25	37	0	0	0	0	0	0	0
fsh-generated/resources/ValueSet-HIV.I.DE2.json	1352	4	0	0	0	0	0	0	0	6	0	0	0	0	0	0	0	0	0	0	24	39	0	0	0	0	0	0	0
fsh-generated/resources/ValueSet-HIV.PRV.DE11.json	1035	4	0	0	1	0	0	0	0	7	0	0	0	0	0	0	0	0	0	0	17	33	0	0	0	0	0	0	0
fsh-generated/resources/ValueSet-HIV.PRV.DE2.json	1312	4	0	0	0	0	0	0	0	6	0	0	0	0	0	0	0	0	0	0	17	36	0	0	0	0	0	0	0
/fsh-generated/includes/fsh-link-references.md	31485	-	-	-	0	0	0	0	0	0	0	0	0	0	0	0	0	0	0	0	0	0	0	0	0	0	0	0	0
/fsh-generated/includes/menu.xml	3966	-	-	-	0	0	0	0	0	0	0	0	0	0	0	0	0	0	0	0	0	0	0	0	0	0	0	0	0
/input/data/features.yaml	359	-	-	-	0	0	0	0	0	0	0	0	0	0	0	0	0	0	0	0	0	0	0	0	0	0	0	0	0
/input/pagecontent/deployment.md	0	-	-	-	0	0	0	0	0	0	0	0	0	0	0	0	0	0	0	0	0	0	0	0	0	0	0	0	0
/input/pagecontent/business-requirements.md	1245	-	-	-	0	0	0	0	0	0	0	0	0	0	0	0	0	0	0	0	0	1	0	0	0	0	0	0	0
/input/pagecontent/testing.md	2622	-	-	-	0	0	0	0	0	0	0	0	0	0	0	0	0	0	0	0	0	0	0	0	0	0	0	0	0
/input/pagecontent/non-functional-requirements.md	8654	-	-	-	0	0	0	0	0	0	0	0	0	0	0	0	0	0	0	0	0	0	0	0	0	0	0	0	0
/input/pagecontent/concepts.md	8204	-	-	-	0	0	0	0	0	0	0	0	0	0	0	0	0	0	0	0	0	0	0	0	0	0	0	0	0
/input/pagecontent/business-process.md	11	-	-	-	0	0	0	0	0	0	0	0	0	0	0	0	0	0	0	0	0	0	0	0	0	0	0	0	0
/input/pagecontent/system-actors.md	1368	-	-	-	0	0	0	0	0	0	0	0	0	0	0	0	0	0	0	0	0	0	0	0	0	0	0	0	0
/input/pagecontent/scenarios.md	1058	-	-	-	0	0	0	0	0	0	0	0	0	0	0	0	0	0	0	0	0	0	0	0	0	0	0	0	0
/input/pagecontent/sequence-diagrams.md	75	-	-	-	0	0	0	0	0	0	0	0	0	0	0	0	0	0	0	0	0	0	0	0	0	0	0	0	0
/input/pagecontent/data-models-and-exchange.md	3567	-	-	-	0	0	0	0	0	0	0	0	0	0	0	0	0	0	0	0	0	0	0	0	0	0	0	0	0
/input/pagecontent/references.md	1574	-	-	-	0	0	0	0	0	0	0	0	0	0	0	0	0	0	0	0	0	0	0	0	0	0	0	0	0
/input/pagecontent/license.md	3787	-	-	-	0	0	0	0	0	0	0	0	0	0	0	0	0	0	0	0	0	0	0	0	0	0	0	0	0
/input/pagecontent/codings.md	687	-	-	-	0	0	0	0	0	0	0	0	0	0	0	0	0	0	0	0	0	0	0	0	0	0	0	0	0
/input/pagecontent/maps.md	10	-	-	-	0	0	0	0	0	0	0	0	0	0	0	0	0	0	0	0	0	0	0	0	0	0	0	0	0
/input/pagecontent/personas.md	722	-	-	-	0	0	0	0	0	0	0	0	0	0	0	0	0	0	0	0	0	0	0	0	0	0	0	0	0
/input/pagecontent/changes.md	75	-	-	-	0	0	0	0	0	0	0	0	0	0	0	0	0	0	0	0	0	1	0	0	0	0	0	0	0
/input/pagecontent/adapting.md	3653	-	-	-	0	0	0	0	0	0	0	0	0	0	0	0	0	0	0	0	0	0	0	0	0	0	0	0	0
/input/pagecontent/business-processes.md	5895	-	-	-	0	0	0	0	0	0	0	0	0	0	0	0	0	0	0	0	0	0	0	0	0	0	0	0	0
/input/pagecontent/indicators.md	318998	-	-	-	0	0	0	0	0	0	0	0	0	0	0	0	0	0	0	0	0	3	0	0	0	0	0	0	0
/input/pagecontent/indicators-measures.md	622	-	-	-	0	0	0	0	0	0	0	0	0	0	0	0	0	0	0	0	0	1	0	0	0	0	0	0	0
/input/pagecontent/indices.md	0	-	-	-	0	0	0	0	0	0	0	0	0	0	0	0	0	0	0	0	0	0	0	0	0	0	0	0	0
/input/pagecontent/security-privacy.md	335	-	-	-	0	0	0	0	0	0	0	0	0	0	0	0	0	0	0	0	0	0	0	0	0	0	0	0	0
/input/pagecontent/reference-implementations.md	360	-	-	-	0	0	0	0	0	0	0	0	0	0	0	0	0	0	0	0	0	0	0	0	0	0	0	0	0
/input/pagecontent/dictionary.md	932262	-	-	-	0	0	0	0	0	0	0	0	0	0	0	0	0	0	0	0	0	36	0	0	0	0	0	0	0
/input/pagecontent/dependencies.md	917	-	-	-	0	0	0	0	0	0	0	0	0	0	0	0	0	0	0	0	0	0	0	0	0	0	0	0	0
/input/pagecontent/decision-logic.md	286133	-	-	-	0	0	0	0	0	0	0	0	0	0	0	0	0	0	0	0	0	3	0	0	0	0	0	0	0
/input/pagecontent/downloads.md	963	-	-	-	0	0	0	0	0	0	0	0	0	0	0	0	0	0	0	0	0	0	0	0	0	0	0	0	0
/input/pagecontent/PlanDefinitionIndex.md	1118	-	-	-	0	0	0	0	0	0	0	0	0	0	0	0	0	0	0	0	0	0	0	0	0	0	0	0	0
/input/pagecontent/transactions.md	325	-	-	-	0	0	0	0	0	0	0	0	0	0	0	0	0	0	0	0	0	0	0	0	0	0	0	0	0
/input/pagecontent/functional-requirements.md	453	-	-	-	0	0	0	0	0	0	0	0	0	0	0	0	0	0	0	0	0	0	0	0	0	0	0	0	0
/input/pagecontent/index.md	4343	-	-	-	0	0	0	0	0	0	0	0	0	0	0	0	0	0	0	0	0	0	0	0	0	0	0	0	0
/input/pagecontent/test-data.md	350	-	-	-	0	0	0	0	0	0	0	0	0	0	0	0	0	0	0	0	0	0	0	0	0	0	0	0	0
/template/config	0	-	-	-	0	0	0	0	0	0	0	0	0	0	0	0	0	0	0	0	0	0	0	0	0	0	0	0	0
/template/config/_config.yml	140	-	-	-	0	0	0	0	0	0	0	0	0	0	0	0	0	0	0	0	0	0	0	0	0	0	0	0	0
/input/images	0	-	-	-	0	0	0	0	0	0	0	0	0	0	0	0	0	0	0	0	0	1	0	0	0	0	0	0	0
/temp/pages/_includes/artifacts.xml	255232	-	-	-	-	-	-	-	-	-	-	-	-	-	-	-	-	-	-	-	-	2	0	0	0	0	0	0	0
